symbol,timeframe,as_of,outcome,trend,confidence,score,agreement,bars,atr_pct,structure,ER,pro,con,reasons
آتيمس,D,2025-12-08,classified,up,0.452,0.4079,0.333,297,0.0173,HH+LL,0.406,slope|ma|eff,structure,"structure=HH+LL ; slopeZ={'slope20': 0.3619, 'slope50': 0.386, 'slope120': 0.0612} ; ma={'ma20_gt_50': True, 'ma50_gt_200': True, 'px_gt_ma50': True} ; ER=0.406 ; score=0.408 ; pro=['slope', 'ma', 'eff'] ; con=['structure'] ; agreement=0.33 ; bars=297 ; atr%=0.0173"
آتيمس,W,2025-12-08,classified,up,0.827,0.8227,1.0,66,0.0414,HH+HL,0.135,structure|slope|ma|eff,,"structure=HH+HL ; slopeZ={'slope20': 0.3158, 'slope50': 0.178} ; ma={'ma20_gt_50': True, 'ma50_gt_200': False, 'px_gt_ma50': True} ; ER=0.135 ; score=0.823 ; pro=['structure', 'slope', 'ma', 'eff'] ; con=[] ; agreement=1.0 ; bars=66 ; atr%=0.0414"
آتيمس,D,2026-07-15,classified,up,0.849,0.8418,1.0,387,0.031,HH+HL,0.244,structure|slope|ma|eff,,"structure=HH+HL ; slopeZ={'slope20': 0.1327, 'slope50': 0.098, 'slope120': 0.1604} ; ma={'ma20_gt_50': True, 'ma50_gt_200': True, 'px_gt_ma50': True} ; ER=0.244 ; score=0.842 ; pro=['structure', 'slope', 'ma', 'eff'] ; con=[] ; agreement=1.0 ; bars=387 ; atr%=0.031"
آتيمس,W,2026-07-15,classified,up,0.402,0.2938,0.333,86,0.0788,LL+LH,0.442,slope|ma|eff,structure,"structure=LL+LH ; slopeZ={'slope20': 0.2421, 'slope50': 0.1433} ; ma={'ma20_gt_50': True, 'ma50_gt_200': False, 'px_gt_ma50': True} ; ER=0.442 ; score=0.294 ; pro=['slope', 'ma', 'eff'] ; con=['structure'] ; agreement=0.33 ; bars=86 ; atr%=0.0788"
آتيمس,D,2026-10-07,classified,up,0.896,0.5985,1.0,446,0.035,flat,0.484,slope|ma|eff,,"structure=flat ; slopeZ={'slope20': 0.1276, 'slope50': 0.2569, 'slope120': 0.1894} ; ma={'ma20_gt_50': True, 'ma50_gt_200': True, 'px_gt_ma50': True} ; ER=0.484 ; score=0.598 ; pro=['slope', 'ma', 'eff'] ; con=[] ; agreement=1.0 ; bars=446 ; atr%=0.035"
آتيمس,W,2026-10-07,classified,up,0.909,0.9074,1.0,98,0.0586,HH+HL,0.547,structure|slope|ma|eff,,"structure=HH+HL ; slopeZ={'slope20': 0.8665, 'slope50': 0.6634} ; ma={'ma20_gt_50': True, 'ma50_gt_200': False, 'px_gt_ma50': True} ; ER=0.547 ; score=0.907 ; pro=['structure', 'slope', 'ma', 'eff'] ; con=[] ; agreement=1.0 ; bars=98 ; atr%=0.0586"
آواك,D,2025-11-12,classified,up,0.88,0.724,1.0,199,0.0333,HH+HL,0.402,structure|slope|ma|eff,,"structure=HH+HL ; slopeZ={'slope20': 0.2434, 'slope50': 0.1608, 'slope120': 0.0055} ; ma={'ma20_gt_50': True, 'ma50_gt_200': False, 'px_gt_ma50': True} ; ER=0.402 ; score=0.724 ; pro=['structure', 'slope', 'ma', 'eff'] ; con=[] ; agreement=1.0 ; bars=199 ; atr%=0.0333"
آواك,W,2025-11-12,classified,down,0.118,-0.2027,0.0,44,0.0672,LL+LH,0.082,structure,slope|eff,"structure=LL+LH ; slopeZ={'slope20': 0.0143} ; ma={'ma': 'insufficient'} ; ER=0.082 ; score=-0.203 ; pro=['structure'] ; con=['slope', 'eff'] ; agreement=0.0 ; bars=44 ; atr%=0.0672"
آواك,D,2026-06-27,classified,down,0.93,-0.9264,1.0,289,0.0421,LL+LH,0.649,structure|slope|ma|eff,,"structure=LL+LH ; slopeZ={'slope20': -0.7477, 'slope50': -0.3361, 'slope120': -0.1316} ; ma={'ma20_gt_50': False, 'ma50_gt_200': False, 'px_gt_ma50': False} ; ER=0.649 ; score=-0.926 ; pro=['structure', 'slope', 'ma', 'eff'] ; con=[] ; agreement=1.0 ; bars=289 ; atr%=0.0421"
آواك,W,2026-06-27,classified,down,0.358,-0.2265,0.333,65,0.3172,HH+HL,0.388,slope|ma|eff,structure,"structure=HH+HL ; slopeZ={'slope20': -0.111, 'slope50': -0.0448} ; ma={'ma20_gt_50': False, 'ma50_gt_200': False, 'px_gt_ma50': False} ; ER=0.388 ; score=-0.226 ; pro=['slope', 'ma', 'eff'] ; con=['structure'] ; agreement=0.33 ; bars=65 ; atr%=0.3172"
آواك,D,2026-10-07,classified,neutral,0.028,-0.0515,0.0,348,0.0426,flat,0.01,,,"structure=flat ; slopeZ={'slope20': -0.0693, 'slope50': 0.1251, 'slope120': -0.135} ; ma={'ma20_gt_50': True, 'ma50_gt_200': False, 'px_gt_ma50': True} ; ER=0.01 ; score=-0.051 ; pro=[] ; con=[] ; agreement=0.0 ; bars=348 ; atr%=0.0426"
آواك,W,2026-10-07,classified,down,0.925,-0.7738,1.0,79,0.0851,HH+LL,0.623,structure|slope|ma|eff,,"structure=HH+LL ; slopeZ={'slope20': -0.3262, 'slope50': -0.141} ; ma={'ma20_gt_50': False, 'ma50_gt_200': False, 'px_gt_ma50': False} ; ER=0.623 ; score=-0.774 ; pro=['structure', 'slope', 'ma', 'eff'] ; con=[] ; agreement=1.0 ; bars=79 ; atr%=0.0851"
آگاس2,D,2025-09-15,classified,down,0.614,-0.2273,1.0,214,,flat,0.0,ma,,"structure=flat ; slopeZ={} ; ma={'ma20_gt_50': False, 'ma50_gt_200': False, 'px_gt_ma50': False} ; ER=0.0 ; score=-0.227 ; pro=['ma'] ; con=[] ; agreement=1.0 ; bars=214 ; atr%=None"
آگاس2,W,2025-09-15,classified,down,0.614,-0.2273,1.0,54,,flat,0.0,ma,,"structure=flat ; slopeZ={} ; ma={'ma20_gt_50': False, 'ma50_gt_200': False, 'px_gt_ma50': False} ; ER=0.0 ; score=-0.227 ; pro=['ma'] ; con=[] ; agreement=1.0 ; bars=54 ; atr%=None"
آگاس2,D,2026-06-07,classified,down,0.614,-0.2273,1.0,304,,flat,0.0,ma,,"structure=flat ; slopeZ={} ; ma={'ma20_gt_50': False, 'ma50_gt_200': False, 'px_gt_ma50': False} ; ER=0.0 ; score=-0.227 ; pro=['ma'] ; con=[] ; agreement=1.0 ; bars=304 ; atr%=None"
آگاس2,W,2026-06-07,classified,down,0.614,-0.2273,1.0,80,,flat,0.0,ma,,"structure=flat ; slopeZ={} ; ma={'ma20_gt_50': False, 'ma50_gt_200': False, 'px_gt_ma50': False} ; ER=0.0 ; score=-0.227 ; pro=['ma'] ; con=[] ; agreement=1.0 ; bars=80 ; atr%=None"
آگاس2,D,2026-10-07,classified,down,0.614,-0.2273,1.0,363,,flat,0.0,ma,,"structure=flat ; slopeZ={} ; ma={'ma20_gt_50': False, 'ma50_gt_200': False, 'px_gt_ma50': False} ; ER=0.0 ; score=-0.227 ; pro=['ma'] ; con=[] ; agreement=1.0 ; bars=363 ; atr%=None"
آگاس2,W,2026-10-07,classified,down,0.614,-0.2273,1.0,97,,flat,0.0,ma,,"structure=flat ; slopeZ={} ; ma={'ma20_gt_50': False, 'ma50_gt_200': False, 'px_gt_ma50': False} ; ER=0.0 ; score=-0.227 ; pro=['ma'] ; con=[] ; agreement=1.0 ; bars=97 ; atr%=None"
ابتكار,D,2025-12-08,classified,up,0.897,0.8555,1.0,203,0.0233,HH+HL,0.484,structure|slope|ma|eff,,"structure=HH+HL ; slopeZ={'slope20': 0.2304, 'slope50': 0.2062, 'slope120': 0.0515} ; ma={'ma20_gt_50': True, 'ma50_gt_200': True, 'px_gt_ma50': True} ; ER=0.484 ; score=0.856 ; pro=['structure', 'slope', 'ma', 'eff'] ; con=[] ; agreement=1.0 ; bars=203 ; atr%=0.0233"
ابتكار,W,2025-12-08,classified,up,0.77,0.4609,1.0,45,0.0472,LH+HL,0.198,structure|slope|eff,,"structure=LH+HL ; slopeZ={'slope20': 0.2502} ; ma={'ma': 'insufficient'} ; ER=0.198 ; score=0.461 ; pro=['structure', 'slope', 'eff'] ; con=[] ; agreement=1.0 ; bars=45 ; atr%=0.0472"
ابتكار,D,2026-07-15,classified,up,0.446,0.42,0.333,293,0.037,HH+LL,0.348,slope|ma|eff,structure,"structure=HH+LL ; slopeZ={'slope20': 0.1016, 'slope50': 0.1259, 'slope120': 0.1347} ; ma={'ma20_gt_50': True, 'ma50_gt_200': True, 'px_gt_ma50': True} ; ER=0.348 ; score=0.42 ; pro=['slope', 'ma', 'eff'] ; con=['structure'] ; agreement=0.33 ; bars=293 ; atr%=0.037"
ابتكار,W,2026-07-15,classified,up,0.876,0.8724,1.0,65,0.0803,HH+HL,0.378,structure|slope|ma|eff,,"structure=HH+HL ; slopeZ={'slope20': 0.2376, 'slope50': 0.1677} ; ma={'ma20_gt_50': True, 'ma50_gt_200': False, 'px_gt_ma50': True} ; ER=0.378 ; score=0.872 ; pro=['structure', 'slope', 'ma', 'eff'] ; con=[] ; agreement=1.0 ; bars=65 ; atr%=0.0803"
ابتكار,D,2026-10-07,classified,up,0.835,0.5569,1.0,352,0.0326,flat,0.281,slope|ma|eff,,"structure=flat ; slopeZ={'slope20': 0.1144, 'slope50': 0.3222, 'slope120': 0.2274} ; ma={'ma20_gt_50': True, 'ma50_gt_200': True, 'px_gt_ma50': True} ; ER=0.281 ; score=0.557 ; pro=['slope', 'ma', 'eff'] ; con=[] ; agreement=1.0 ; bars=352 ; atr%=0.0326"
ابتكار,W,2026-10-07,classified,up,0.892,0.8894,1.0,77,0.082,HH+HL,0.459,structure|slope|ma|eff,,"structure=HH+HL ; slopeZ={'slope20': 0.8743, 'slope50': 0.4958} ; ma={'ma20_gt_50': True, 'ma50_gt_200': False, 'px_gt_ma50': True} ; ER=0.459 ; score=0.889 ; pro=['structure', 'slope', 'ma', 'eff'] ; con=[] ; agreement=1.0 ; bars=77 ; atr%=0.082"
اخزا210,D,2026-02-10,classified,up,0.425,0.3929,0.333,351,0.0097,HH+LL,0.307,slope|ma|eff,structure,"structure=HH+LL ; slopeZ={'slope20': 0.0282, 'slope50': 0.0991, 'slope120': 0.103} ; ma={'ma20_gt_50': True, 'ma50_gt_200': True, 'px_gt_ma50': True} ; ER=0.307 ; score=0.393 ; pro=['slope', 'ma', 'eff'] ; con=['structure'] ; agreement=0.33 ; bars=351 ; atr%=0.0097"
اخزا210,W,2026-02-10,classified,up,0.985,0.8373,1.0,76,0.0151,LH+HL,0.927,structure|slope|ma|eff,,"structure=LH+HL ; slopeZ={'slope20': 0.3015, 'slope50': 0.3756} ; ma={'ma20_gt_50': True, 'ma50_gt_200': False, 'px_gt_ma50': True} ; ER=0.927 ; score=0.837 ; pro=['structure', 'slope', 'ma', 'eff'] ; con=[] ; agreement=1.0 ; bars=76 ; atr%=0.0151"
اخزا210,D,2026-07-14,classified,up,0.915,0.6153,1.0,441,0.0101,flat,0.574,slope|ma|eff,,"structure=flat ; slopeZ={'slope20': 0.1732, 'slope50': 0.1199, 'slope120': 0.1487} ; ma={'ma20_gt_50': True, 'ma50_gt_200': True, 'px_gt_ma50': True} ; ER=0.574 ; score=0.615 ; pro=['slope', 'ma', 'eff'] ; con=[] ; agreement=1.0 ; bars=441 ; atr%=0.0101"
اخزا210,W,2026-07-14,classified,up,0.982,0.9812,1.0,96,0.0194,HH+HL,0.908,structure|slope|ma|eff,,"structure=HH+HL ; slopeZ={'slope20': 0.3911, 'slope50': 0.3226} ; ma={'ma20_gt_50': True, 'ma50_gt_200': False, 'px_gt_ma50': True} ; ER=0.908 ; score=0.981 ; pro=['structure', 'slope', 'ma', 'eff'] ; con=[] ; agreement=1.0 ; bars=96 ; atr%=0.0194"
اخزا210,D,2026-10-07,classified,up,0.921,0.9196,1.0,500,0.0052,HH+HL,0.607,structure|slope|ma|eff,,"structure=HH+HL ; slopeZ={'slope20': 0.2696, 'slope50': 0.2621, 'slope120': 0.2818} ; ma={'ma20_gt_50': True, 'ma50_gt_200': True, 'px_gt_ma50': True} ; ER=0.607 ; score=0.92 ; pro=['structure', 'slope', 'ma', 'eff'] ; con=[] ; agreement=1.0 ; bars=500 ; atr%=0.0052"
اخزا210,W,2026-10-07,classified,up,0.985,0.9845,1.0,108,0.0155,HH+HL,0.924,structure|slope|ma|eff,,"structure=HH+HL ; slopeZ={'slope20': 0.4421, 'slope50': 0.4393} ; ma={'ma20_gt_50': True, 'ma50_gt_200': False, 'px_gt_ma50': True} ; ER=0.924 ; score=0.984 ; pro=['structure', 'slope', 'ma', 'eff'] ; con=[] ; agreement=1.0 ; bars=108 ; atr%=0.0155"
اخزا212,D,2026-02-14,classified,up,0.35,0.2444,0.333,354,0.0122,LL+LH,0.306,slope|ma|eff,structure,"structure=LL+LH ; slopeZ={'slope20': 0.0405, 'slope50': 0.095, 'slope120': 0.0874} ; ma={'ma20_gt_50': True, 'ma50_gt_200': True, 'px_gt_ma50': True} ; ER=0.306 ; score=0.244 ; pro=['slope', 'ma', 'eff'] ; con=['structure'] ; agreement=0.33 ; bars=354 ; atr%=0.0122"
اخزا212,W,2026-02-14,classified,up,0.993,0.9924,1.0,77,0.0154,HH+HL,0.963,structure|slope|ma|eff,,"structure=HH+HL ; slopeZ={'slope20': 0.3191, 'slope50': 0.3733} ; ma={'ma20_gt_50': True, 'ma50_gt_200': False, 'px_gt_ma50': True} ; ER=0.963 ; score=0.992 ; pro=['structure', 'slope', 'ma', 'eff'] ; con=[] ; agreement=1.0 ; bars=77 ; atr%=0.0154"
اخزا212,D,2026-07-15,classified,up,0.549,0.4913,0.333,444,0.0089,HH+LL,0.685,slope|ma|eff,structure,"structure=HH+LL ; slopeZ={'slope20': 0.1879, 'slope50': 0.1356, 'slope120': 0.1711} ; ma={'ma20_gt_50': True, 'ma50_gt_200': True, 'px_gt_ma50': True} ; ER=0.685 ; score=0.491 ; pro=['slope', 'ma', 'eff'] ; con=['structure'] ; agreement=0.33 ; bars=444 ; atr%=0.0089"
اخزا212,W,2026-07-15,classified,up,0.992,0.9914,1.0,97,0.0191,HH+HL,0.958,structure|slope|ma|eff,,"structure=HH+HL ; slopeZ={'slope20': 0.3932, 'slope50': 0.3316} ; ma={'ma20_gt_50': True, 'ma50_gt_200': False, 'px_gt_ma50': True} ; ER=0.958 ; score=0.991 ; pro=['structure', 'slope', 'ma', 'eff'] ; con=[] ; agreement=1.0 ; bars=97 ; atr%=0.0191"
اخزا212,D,2026-10-07,classified,up,0.926,0.9241,1.0,503,0.0057,HH+HL,0.629,structure|slope|ma|eff,,"structure=HH+HL ; slopeZ={'slope20': 0.2524, 'slope50': 0.2403, 'slope120': 0.2556} ; ma={'ma20_gt_50': True, 'ma50_gt_200': True, 'px_gt_ma50': True} ; ER=0.629 ; score=0.924 ; pro=['structure', 'slope', 'ma', 'eff'] ; con=[] ; agreement=1.0 ; bars=503 ; atr%=0.0057"
اخزا212,W,2026-10-07,classified,up,0.995,0.9949,1.0,109,0.0158,HH+HL,0.975,structure|slope|ma|eff,,"structure=HH+HL ; slopeZ={'slope20': 0.4512, 'slope50': 0.4215} ; ma={'ma20_gt_50': True, 'ma50_gt_200': False, 'px_gt_ma50': True} ; ER=0.975 ; score=0.995 ; pro=['structure', 'slope', 'ma', 'eff'] ; con=[] ; agreement=1.0 ; bars=109 ; atr%=0.0158"
اخزا213,D,2026-02-08,classified,up,0.455,0.4211,0.333,351,0.0096,HH+LL,0.389,slope|ma|eff,structure,"structure=HH+LL ; slopeZ={'slope20': 0.0575, 'slope50': 0.108, 'slope120': 0.1128} ; ma={'ma20_gt_50': True, 'ma50_gt_200': True, 'px_gt_ma50': True} ; ER=0.389 ; score=0.421 ; pro=['slope', 'ma', 'eff'] ; con=['structure'] ; agreement=0.33 ; bars=351 ; atr%=0.0096"
اخزا213,W,2026-02-08,classified,up,0.997,0.9972,1.0,76,0.0166,HH+HL,0.986,structure|slope|ma|eff,,"structure=HH+HL ; slopeZ={'slope20': 0.2771, 'slope50': 0.3429} ; ma={'ma20_gt_50': True, 'ma50_gt_200': False, 'px_gt_ma50': True} ; ER=0.986 ; score=0.997 ; pro=['structure', 'slope', 'ma', 'eff'] ; con=[] ; agreement=1.0 ; bars=76 ; atr%=0.0166"
اخزا213,D,2026-07-13,classified,up,0.933,0.93,1.0,441,0.0088,HH+HL,0.663,structure|slope|ma|eff,,"structure=HH+HL ; slopeZ={'slope20': 0.1928, 'slope50': 0.1306, 'slope120': 0.1697} ; ma={'ma20_gt_50': True, 'ma50_gt_200': True, 'px_gt_ma50': True} ; ER=0.663 ; score=0.93 ; pro=['structure', 'slope', 'ma', 'eff'] ; con=[] ; agreement=1.0 ; bars=441 ; atr%=0.0088"
اخزا213,W,2026-07-13,classified,up,0.984,0.9835,1.0,96,0.0183,HH+HL,0.919,structure|slope|ma|eff,,"structure=HH+HL ; slopeZ={'slope20': 0.4031, 'slope50': 0.3412} ; ma={'ma20_gt_50': True, 'ma50_gt_200': False, 'px_gt_ma50': True} ; ER=0.919 ; score=0.983 ; pro=['structure', 'slope', 'ma', 'eff'] ; con=[] ; agreement=1.0 ; bars=96 ; atr%=0.0183"
اخزا213,D,2026-10-07,classified,up,0.904,0.9021,1.0,500,0.0061,HH+HL,0.521,structure|slope|ma|eff,,"structure=HH+HL ; slopeZ={'slope20': 0.3088, 'slope50': 0.228, 'slope120': 0.2427} ; ma={'ma20_gt_50': True, 'ma50_gt_200': True, 'px_gt_ma50': True} ; ER=0.521 ; score=0.902 ; pro=['structure', 'slope', 'ma', 'eff'] ; con=[] ; agreement=1.0 ; bars=500 ; atr%=0.0061"
اخزا213,W,2026-10-07,classified,up,0.987,0.987,1.0,108,0.0123,HH+HL,0.937,structure|slope|ma|eff,,"structure=HH+HL ; slopeZ={'slope20': 0.5761, 'slope50': 0.5638} ; ma={'ma20_gt_50': True, 'ma50_gt_200': False, 'px_gt_ma50': True} ; ER=0.937 ; score=0.987 ; pro=['structure', 'slope', 'ma', 'eff'] ; con=[] ; agreement=1.0 ; bars=108 ; atr%=0.0123"
اخشان,D,2025-11-23,classified,up,0.471,0.4298,0.333,183,0.0409,HH+LL,0.448,slope|ma|eff,structure,"structure=HH+LL ; slopeZ={'slope20': 0.1988, 'slope50': 0.3241, 'slope120': 0.0788} ; ma={'ma20_gt_50': True, 'ma50_gt_200': False, 'px_gt_ma50': True} ; ER=0.448 ; score=0.43 ; pro=['slope', 'ma', 'eff'] ; con=['structure'] ; agreement=0.33 ; bars=183 ; atr%=0.0409"
اخشان,W,2025-11-23,classified,up,0.86,0.6297,1.0,42,0.0704,HH+HL,0.301,structure|slope|eff,,"structure=HH+HL ; slopeZ={'slope20': 0.4505} ; ma={'ma': 'insufficient'} ; ER=0.301 ; score=0.63 ; pro=['structure', 'slope', 'eff'] ; con=[] ; agreement=1.0 ; bars=42 ; atr%=0.0704"
اخشان,D,2026-06-30,classified,up,0.918,0.62,1.0,273,0.0411,flat,0.591,slope|ma|eff,,"structure=flat ; slopeZ={'slope20': 0.265, 'slope50': 0.1775, 'slope120': 0.1564} ; ma={'ma20_gt_50': True, 'ma50_gt_200': True, 'px_gt_ma50': True} ; ER=0.591 ; score=0.62 ; pro=['slope', 'ma', 'eff'] ; con=[] ; agreement=1.0 ; bars=273 ; atr%=0.0411"
اخشان,W,2026-06-30,classified,up,0.908,0.9058,1.0,62,0.0671,HH+HL,0.539,structure|slope|ma|eff,,"structure=HH+HL ; slopeZ={'slope20': 0.2575, 'slope50': 0.288} ; ma={'ma20_gt_50': True, 'ma50_gt_200': False, 'px_gt_ma50': True} ; ER=0.539 ; score=0.906 ; pro=['structure', 'slope', 'ma', 'eff'] ; con=[] ; agreement=1.0 ; bars=62 ; atr%=0.0671"
اخشان,D,2026-10-07,classified,up,0.755,0.4529,1.0,332,0.0451,flat,0.145,slope|ma,eff,"structure=flat ; slopeZ={'slope20': 0.0275, 'slope50': 0.121, 'slope120': 0.1294} ; ma={'ma20_gt_50': True, 'ma50_gt_200': True, 'px_gt_ma50': True} ; ER=0.145 ; score=0.453 ; pro=['slope', 'ma'] ; con=['eff'] ; agreement=1.0 ; bars=332 ; atr%=0.0451"
اخشان,W,2026-10-07,classified,up,0.863,0.7121,1.0,76,0.0985,LH+HL,0.315,structure|slope|ma|eff,,"structure=LH+HL ; slopeZ={'slope20': 0.3197, 'slope50': 0.2933} ; ma={'ma20_gt_50': True, 'ma50_gt_200': False, 'px_gt_ma50': True} ; ER=0.315 ; score=0.712 ; pro=['structure', 'slope', 'ma', 'eff'] ; con=[] ; agreement=1.0 ; bars=76 ; atr%=0.0985"
اردستان,D,2025-12-02,classified,down,0.789,-0.5275,1.0,295,0.0284,HH+LL,0.127,structure|slope|ma|eff,,"structure=HH+LL ; slopeZ={'slope20': -0.0369, 'slope50': 0.0221, 'slope120': -0.0553} ; ma={'ma20_gt_50': False, 'ma50_gt_200': False, 'px_gt_ma50': False} ; ER=0.127 ; score=-0.528 ; pro=['structure', 'slope', 'ma', 'eff'] ; con=[] ; agreement=1.0 ; bars=295 ; atr%=0.0284"
اردستان,W,2025-12-02,classified,down,0.337,-0.288,0.333,65,0.0584,HH+LL,0.132,structure|ma|eff,slope,"structure=HH+LL ; slopeZ={'slope20': -0.1163, 'slope50': 0.1119} ; ma={'ma20_gt_50': False, 'ma50_gt_200': False, 'px_gt_ma50': False} ; ER=0.132 ; score=-0.288 ; pro=['structure', 'ma', 'eff'] ; con=['slope'] ; agreement=0.33 ; bars=65 ; atr%=0.0584"
اردستان,D,2026-07-15,classified,up,0.739,0.4443,1.0,385,0.0556,HH+HL,0.083,structure|slope|ma|eff,,"structure=HH+HL ; slopeZ={'slope20': -0.161, 'slope50': 0.0767, 'slope120': 0.0056} ; ma={'ma20_gt_50': True, 'ma50_gt_200': True, 'px_gt_ma50': False} ; ER=0.083 ; score=0.444 ; pro=['structure', 'slope', 'ma', 'eff'] ; con=[] ; agreement=1.0 ; bars=385 ; atr%=0.0556"
اردستان,W,2026-07-15,classified,up,0.136,0.2546,0.0,86,0.1058,HH+HL,0.042,structure|eff,slope,"structure=HH+HL ; slopeZ={'slope20': 0.0408, 'slope50': -0.029} ; ma={'ma20_gt_50': True, 'ma50_gt_200': False, 'px_gt_ma50': False} ; ER=0.042 ; score=0.255 ; pro=['structure', 'eff'] ; con=['slope'] ; agreement=0.0 ; bars=86 ; atr%=0.1058"
اردستان,D,2026-10-07,classified,up,0.85,0.6455,1.0,444,0.0379,LH+HL,0.252,structure|slope|ma|eff,,"structure=LH+HL ; slopeZ={'slope20': -0.015, 'slope50': 0.1066, 'slope120': 0.0778} ; ma={'ma20_gt_50': True, 'ma50_gt_200': True, 'px_gt_ma50': True} ; ER=0.252 ; score=0.646 ; pro=['structure', 'slope', 'ma', 'eff'] ; con=[] ; agreement=1.0 ; bars=444 ; atr%=0.0379"
اردستان,W,2026-10-07,classified,up,0.821,0.8094,1.0,98,0.0815,HH+HL,0.105,structure|slope|ma|eff,,"structure=HH+HL ; slopeZ={'slope20': 0.2526, 'slope50': 0.0978} ; ma={'ma20_gt_50': True, 'ma50_gt_200': False, 'px_gt_ma50': True} ; ER=0.105 ; score=0.809 ; pro=['structure', 'slope', 'ma', 'eff'] ; con=[] ; agreement=1.0 ; bars=98 ; atr%=0.0815"
ارفع,D,2025-11-15,classified,up,0.559,0.487,0.333,280,0.0323,HH+HL,0.744,structure|ma|eff,slope,"structure=HH+HL ; slopeZ={'slope20': 0.1646, 'slope50': 0.299, 'slope120': -0.054} ; ma={'ma20_gt_50': True, 'ma50_gt_200': False, 'px_gt_ma50': True} ; ER=0.744 ; score=0.487 ; pro=['structure', 'ma', 'eff'] ; con=['slope'] ; agreement=0.33 ; bars=280 ; atr%=0.0323"
ارفع,W,2025-11-15,classified,down,0.299,-0.1998,0.333,63,0.0506,LH+HL,0.164,slope|ma|eff,structure,"structure=LH+HL ; slopeZ={'slope20': 0.2212, 'slope50': -0.0619} ; ma={'ma20_gt_50': False, 'ma50_gt_200': False, 'px_gt_ma50': False} ; ER=0.164 ; score=-0.2 ; pro=['slope', 'ma', 'eff'] ; con=['structure'] ; agreement=0.33 ; bars=63 ; atr%=0.0506"
ارفع,D,2026-07-08,classified,down,0.422,-0.3738,0.333,370,0.0303,LL+LH,0.34,structure|ma|eff,slope,"structure=LL+LH ; slopeZ={'slope20': 0.8867, 'slope50': -0.2306, 'slope120': 0.0378} ; ma={'ma20_gt_50': False, 'ma50_gt_200': True, 'px_gt_ma50': False} ; ER=0.34 ; score=-0.374 ; pro=['structure', 'ma', 'eff'] ; con=['slope'] ; agreement=0.33 ; bars=370 ; atr%=0.0303"
ارفع,W,2026-07-08,classified,down,0.671,-0.3133,1.0,84,0.1518,HH+LL,0.073,structure|slope,eff,"structure=HH+LL ; slopeZ={'slope20': -0.0515, 'slope50': -0.036} ; ma={'ma20_gt_50': True, 'ma50_gt_200': False, 'px_gt_ma50': False} ; ER=0.073 ; score=-0.313 ; pro=['structure', 'slope'] ; con=['eff'] ; agreement=1.0 ; bars=84 ; atr%=0.1518"
ارفع,D,2026-10-07,classified,up,0.634,0.1589,1.0,429,0.0405,flat,0.274,slope|ma|eff,,"structure=flat ; slopeZ={'slope20': 0.4518, 'slope50': 0.1267, 'slope120': -0.0224} ; ma={'ma20_gt_50': True, 'ma50_gt_200': False, 'px_gt_ma50': True} ; ER=0.274 ; score=0.159 ; pro=['slope', 'ma', 'eff'] ; con=[] ; agreement=1.0 ; bars=429 ; atr%=0.0405"
ارفع,W,2026-10-07,classified,up,0.64,0.2691,1.0,96,0.0909,LH+HL,0.029,structure|slope|eff,,"structure=LH+HL ; slopeZ={'slope20': -0.0757, 'slope50': 0.0948} ; ma={'ma20_gt_50': False, 'ma50_gt_200': False, 'px_gt_ma50': True} ; ER=0.029 ; score=0.269 ; pro=['structure', 'slope', 'eff'] ; con=[] ; agreement=1.0 ; bars=96 ; atr%=0.0909"
استقلال,D,2025-11-05,classified,neutral,0.278,-0.0793,0.333,178,0.03,LL+LH,0.356,,,"structure=LL+LH ; slopeZ={'slope20': 0.191, 'slope50': -0.0134, 'slope120': -0.0305} ; ma={'ma20_gt_50': True, 'ma50_gt_200': False, 'px_gt_ma50': True} ; ER=0.356 ; score=-0.079 ; pro=[] ; con=[] ; agreement=0.33 ; bars=178 ; atr%=0.03"
استقلال,W,2025-11-05,classified,down,0.753,-0.3965,1.0,45,0.0424,LL+LH,0.274,structure|slope|eff,,"structure=LL+LH ; slopeZ={'slope20': -0.0083} ; ma={'ma': 'insufficient'} ; ER=0.274 ; score=-0.396 ; pro=['structure', 'slope', 'eff'] ; con=[] ; agreement=1.0 ; bars=45 ; atr%=0.0424"
استقلال,D,2026-06-27,classified,down,0.297,-0.1576,0.333,268,0.0279,HH+HL,0.26,slope|ma|eff,structure,"structure=HH+HL ; slopeZ={'slope20': -0.017, 'slope50': -0.1339, 'slope120': -0.0299} ; ma={'ma20_gt_50': False, 'ma50_gt_200': False, 'px_gt_ma50': False} ; ER=0.26 ; score=-0.158 ; pro=['slope', 'ma', 'eff'] ; con=['structure'] ; agreement=0.33 ; bars=268 ; atr%=0.0279"
استقلال,W,2026-06-27,classified,down,0.836,-0.821,1.0,65,0.0606,LL+LH,0.182,structure|slope|ma|eff,,"structure=LL+LH ; slopeZ={'slope20': -0.1448, 'slope50': -0.0878} ; ma={'ma20_gt_50': False, 'ma50_gt_200': False, 'px_gt_ma50': False} ; ER=0.182 ; score=-0.821 ; pro=['structure', 'slope', 'ma', 'eff'] ; con=[] ; agreement=1.0 ; bars=65 ; atr%=0.0606"
استقلال,D,2026-10-07,classified,up,0.98,0.9451,1.0,327,0.0271,HH+HL,0.899,structure|slope|ma|eff,,"structure=HH+HL ; slopeZ={'slope20': 0.4537, 'slope50': 0.3517, 'slope120': 0.0551} ; ma={'ma20_gt_50': True, 'ma50_gt_200': True, 'px_gt_ma50': True} ; ER=0.899 ; score=0.945 ; pro=['structure', 'slope', 'ma', 'eff'] ; con=[] ; agreement=1.0 ; bars=327 ; atr%=0.0271"
استقلال,W,2026-10-07,classified,neutral,0.046,-0.0039,0.0,77,0.0459,LL+LH,0.221,,,"structure=LL+LH ; slopeZ={'slope20': 0.3233, 'slope50': 0.0656} ; ma={'ma20_gt_50': False, 'ma50_gt_200': False, 'px_gt_ma50': True} ; ER=0.221 ; score=-0.004 ; pro=[] ; con=[] ; agreement=0.0 ; bars=77 ; atr%=0.0459"
اصيل2,D,2026-01-26,classified,down,0.614,-0.2273,1.0,306,,flat,0.0,ma,,"structure=flat ; slopeZ={} ; ma={'ma20_gt_50': False, 'ma50_gt_200': False, 'px_gt_ma50': False} ; ER=0.0 ; score=-0.227 ; pro=['ma'] ; con=[] ; agreement=1.0 ; bars=306 ; atr%=None"
اصيل2,W,2026-01-26,classified,down,0.614,-0.2273,1.0,71,,flat,0.0,ma,,"structure=flat ; slopeZ={} ; ma={'ma20_gt_50': False, 'ma50_gt_200': False, 'px_gt_ma50': False} ; ER=0.0 ; score=-0.227 ; pro=['ma'] ; con=[] ; agreement=1.0 ; bars=71 ; atr%=None"
اصيل2,D,2026-07-12,classified,down,0.614,-0.2273,1.0,396,,flat,0.0,ma,,"structure=flat ; slopeZ={} ; ma={'ma20_gt_50': False, 'ma50_gt_200': False, 'px_gt_ma50': False} ; ER=0.0 ; score=-0.227 ; pro=['ma'] ; con=[] ; agreement=1.0 ; bars=396 ; atr%=None"
اصيل2,W,2026-07-12,classified,down,0.614,-0.2273,1.0,93,,flat,0.0,ma,,"structure=flat ; slopeZ={} ; ma={'ma20_gt_50': False, 'ma50_gt_200': False, 'px_gt_ma50': False} ; ER=0.0 ; score=-0.227 ; pro=['ma'] ; con=[] ; agreement=1.0 ; bars=93 ; atr%=None"
اصيل2,D,2026-10-05,classified,down,0.614,-0.2273,1.0,455,,flat,0.0,ma,,"structure=flat ; slopeZ={} ; ma={'ma20_gt_50': False, 'ma50_gt_200': False, 'px_gt_ma50': False} ; ER=0.0 ; score=-0.227 ; pro=['ma'] ; con=[] ; agreement=1.0 ; bars=455 ; atr%=None"
اصيل2,W,2026-10-05,classified,down,0.614,-0.2273,1.0,105,,flat,0.0,ma,,"structure=flat ; slopeZ={} ; ma={'ma20_gt_50': False, 'ma50_gt_200': False, 'px_gt_ma50': False} ; ER=0.0 ; score=-0.227 ; pro=['ma'] ; con=[] ; agreement=1.0 ; bars=105 ; atr%=None"
اطلس,D,2025-12-08,classified,up,0.879,0.8496,1.0,305,0.0189,HH+HL,0.395,structure|slope|ma|eff,,"structure=HH+HL ; slopeZ={'slope20': 0.2897, 'slope50': 0.2677, 'slope120': 0.062} ; ma={'ma20_gt_50': True, 'ma50_gt_200': True, 'px_gt_ma50': True} ; ER=0.395 ; score=0.85 ; pro=['structure', 'slope', 'ma', 'eff'] ; con=[] ; agreement=1.0 ; bars=305 ; atr%=0.0189"
اطلس,W,2025-12-08,classified,up,0.83,0.8255,1.0,66,0.048,HH+HL,0.148,structure|slope|ma|eff,,"structure=HH+HL ; slopeZ={'slope20': 0.2828, 'slope50': 0.1934} ; ma={'ma20_gt_50': True, 'ma50_gt_200': False, 'px_gt_ma50': True} ; ER=0.148 ; score=0.826 ; pro=['structure', 'slope', 'ma', 'eff'] ; con=[] ; agreement=1.0 ; bars=66 ; atr%=0.048"
اطلس,D,2026-07-15,classified,up,0.418,0.3942,0.333,395,0.0355,HH+LL,0.27,slope|ma|eff,structure,"structure=HH+LL ; slopeZ={'slope20': 0.0355, 'slope50': 0.1271, 'slope120': 0.1413} ; ma={'ma20_gt_50': True, 'ma50_gt_200': True, 'px_gt_ma50': True} ; ER=0.27 ; score=0.394 ; pro=['slope', 'ma', 'eff'] ; con=['structure'] ; agreement=0.33 ; bars=395 ; atr%=0.0355"
اطلس,W,2026-07-15,classified,up,0.441,0.4182,0.333,86,0.0869,HH+LL,0.327,slope|ma|eff,structure,"structure=HH+LL ; slopeZ={'slope20': 0.2369, 'slope50': 0.1504} ; ma={'ma20_gt_50': True, 'ma50_gt_200': False, 'px_gt_ma50': True} ; ER=0.327 ; score=0.418 ; pro=['slope', 'ma', 'eff'] ; con=['structure'] ; agreement=0.33 ; bars=86 ; atr%=0.0869"
اطلس,D,2026-10-07,classified,up,0.858,0.5727,1.0,454,0.033,flat,0.356,slope|ma|eff,,"structure=flat ; slopeZ={'slope20': 0.172, 'slope50': 0.242, 'slope120': 0.2162} ; ma={'ma20_gt_50': True, 'ma50_gt_200': True, 'px_gt_ma50': True} ; ER=0.356 ; score=0.573 ; pro=['slope', 'ma', 'eff'] ; con=[] ; agreement=1.0 ; bars=454 ; atr%=0.033"
اطلس,W,2026-10-07,classified,up,0.884,0.8813,1.0,98,0.0724,HH+HL,0.42,structure|slope|ma|eff,,"structure=HH+HL ; slopeZ={'slope20': 0.8639, 'slope50': 0.6017} ; ma={'ma20_gt_50': True, 'ma50_gt_200': False, 'px_gt_ma50': True} ; ER=0.42 ; score=0.881 ; pro=['structure', 'slope', 'ma', 'eff'] ; con=[] ; agreement=1.0 ; bars=98 ; atr%=0.0724"
اطمينان,D,2026-02-14,classified,up,1.0,0.8523,1.0,316,0.0013,LH+HL,1.0,structure|slope|ma|eff,,"structure=LH+HL ; slopeZ={'slope20': 0.9832, 'slope50': 0.9874, 'slope120': 1.0216} ; ma={'ma20_gt_50': True, 'ma50_gt_200': True, 'px_gt_ma50': True} ; ER=1.0 ; score=0.852 ; pro=['structure', 'slope', 'ma', 'eff'] ; con=[] ; agreement=1.0 ; bars=316 ; atr%=0.0013"
اطمينان,W,2026-02-14,classified,up,1.0,0.8523,1.0,69,0.0052,LH+HL,1.0,structure|slope|ma|eff,,"structure=LH+HL ; slopeZ={'slope20': 1.1244, 'slope50': 1.1782} ; ma={'ma20_gt_50': True, 'ma50_gt_200': False, 'px_gt_ma50': True} ; ER=1.0 ; score=0.852 ; pro=['structure', 'slope', 'ma', 'eff'] ; con=[] ; agreement=1.0 ; bars=69 ; atr%=0.0052"
اطمينان,D,2026-07-15,classified,up,1.0,0.8523,1.0,406,0.0019,LH+HL,1.0,structure|slope|ma|eff,,"structure=LH+HL ; slopeZ={'slope20': 0.8371, 'slope50': 0.7916, 'slope120': 0.785} ; ma={'ma20_gt_50': True, 'ma50_gt_200': True, 'px_gt_ma50': True} ; ER=1.0 ; score=0.852 ; pro=['structure', 'slope', 'ma', 'eff'] ; con=[] ; agreement=1.0 ; bars=406 ; atr%=0.0019"
اطمينان,W,2026-07-15,classified,up,1.0,0.8523,1.0,89,0.0065,LH+HL,1.0,structure|slope|ma|eff,,"structure=LH+HL ; slopeZ={'slope20': 1.0034, 'slope50': 1.0451} ; ma={'ma20_gt_50': True, 'ma50_gt_200': False, 'px_gt_ma50': True} ; ER=1.0 ; score=0.852 ; pro=['structure', 'slope', 'ma', 'eff'] ; con=[] ; agreement=1.0 ; bars=89 ; atr%=0.0065"
اطمينان,D,2026-10-07,classified,up,1.0,1.0,1.0,465,0.0014,HH+HL,1.0,structure|slope|ma|eff,,"structure=HH+HL ; slopeZ={'slope20': 1.0006, 'slope50': 0.9917, 'slope120': 1.0995} ; ma={'ma20_gt_50': True, 'ma50_gt_200': True, 'px_gt_ma50': True} ; ER=1.0 ; score=1.0 ; pro=['structure', 'slope', 'ma', 'eff'] ; con=[] ; agreement=1.0 ; bars=465 ; atr%=0.0014"
اطمينان,W,2026-10-07,classified,up,1.0,0.8523,1.0,101,0.0066,LH+HL,1.0,structure|slope|ma|eff,,"structure=LH+HL ; slopeZ={'slope20': 1.0395, 'slope50': 1.0693} ; ma={'ma20_gt_50': True, 'ma50_gt_200': False, 'px_gt_ma50': True} ; ER=1.0 ; score=0.852 ; pro=['structure', 'slope', 'ma', 'eff'] ; con=[] ; agreement=1.0 ; bars=101 ; atr%=0.0066"
اعتماد,D,2026-02-15,classified,up,1.0,0.7045,1.0,355,0.0014,کم‌پیوت (۲+۲ تأیید نشد),1.0,slope|ma|eff,,"structure=کم‌پیوت (۲+۲ تأیید نشد) ; slopeZ={'slope20': 1.0186, 'slope50': 0.9764, 'slope120': 0.9916} ; ma={'ma20_gt_50': True, 'ma50_gt_200': True, 'px_gt_ma50': True} ; ER=1.0 ; score=0.705 ; pro=['slope', 'ma', 'eff'] ; con=[] ; agreement=1.0 ; bars=355 ; atr%=0.0014"
اعتماد,W,2026-02-15,classified,up,1.0,0.7045,1.0,77,0.0055,کم‌پیوت (۲+۲ تأیید نشد),1.0,slope|ma|eff,,"structure=کم‌پیوت (۲+۲ تأیید نشد) ; slopeZ={'slope20': 1.1022, 'slope50': 1.2221} ; ma={'ma20_gt_50': True, 'ma50_gt_200': False, 'px_gt_ma50': True} ; ER=1.0 ; score=0.705 ; pro=['slope', 'ma', 'eff'] ; con=[] ; agreement=1.0 ; bars=77 ; atr%=0.0055"
اعتماد,D,2026-07-15,classified,up,1.0,0.7045,1.0,445,0.0019,کم‌پیوت (۲+۲ تأیید نشد),1.0,slope|ma|eff,,"structure=کم‌پیوت (۲+۲ تأیید نشد) ; slopeZ={'slope20': 0.765, 'slope50': 0.7249, 'slope120': 0.8158} ; ma={'ma20_gt_50': True, 'ma50_gt_200': True, 'px_gt_ma50': True} ; ER=1.0 ; score=0.705 ; pro=['slope', 'ma', 'eff'] ; con=[] ; agreement=1.0 ; bars=445 ; atr%=0.0019"
اعتماد,W,2026-07-15,classified,up,1.0,0.7045,1.0,97,0.0064,کم‌پیوت (۲+۲ تأیید نشد),1.0,slope|ma|eff,,"structure=کم‌پیوت (۲+۲ تأیید نشد) ; slopeZ={'slope20': 1.0815, 'slope50': 1.1133} ; ma={'ma20_gt_50': True, 'ma50_gt_200': False, 'px_gt_ma50': True} ; ER=1.0 ; score=0.705 ; pro=['slope', 'ma', 'eff'] ; con=[] ; agreement=1.0 ; bars=97 ; atr%=0.0064"
اعتماد,D,2026-10-07,classified,up,1.0,0.7045,1.0,504,0.0013,کم‌پیوت (۲+۲ تأیید نشد),1.0,slope|ma|eff,,"structure=کم‌پیوت (۲+۲ تأیید نشد) ; slopeZ={'slope20': 1.0119, 'slope50': 1.0537, 'slope120': 1.1273} ; ma={'ma20_gt_50': True, 'ma50_gt_200': True, 'px_gt_ma50': True} ; ER=1.0 ; score=0.705 ; pro=['slope', 'ma', 'eff'] ; con=[] ; agreement=1.0 ; bars=504 ; atr%=0.0013"
اعتماد,W,2026-10-07,classified,up,1.0,0.7045,1.0,109,0.0066,کم‌پیوت (۲+۲ تأیید نشد),1.0,slope|ma|eff,,"structure=کم‌پیوت (۲+۲ تأیید نشد) ; slopeZ={'slope20': 1.009, 'slope50': 1.1061} ; ma={'ma20_gt_50': True, 'ma50_gt_200': False, 'px_gt_ma50': True} ; ER=1.0 ; score=0.705 ; pro=['slope', 'ma', 'eff'] ; con=[] ; agreement=1.0 ; bars=109 ; atr%=0.0066"
افرا,D,2025-11-18,classified,up,0.25,0.1336,0.333,273,0.0393,LH+HL,0.081,structure|ma|eff,slope,"structure=LH+HL ; slopeZ={'slope20': -0.0164, 'slope50': 0.0003, 'slope120': -0.0323} ; ma={'ma20_gt_50': True, 'ma50_gt_200': False, 'px_gt_ma50': True} ; ER=0.081 ; score=0.134 ; pro=['structure', 'ma', 'eff'] ; con=['slope'] ; agreement=0.33 ; bars=273 ; atr%=0.0393"
افرا,W,2025-11-18,classified,down,0.748,-0.4784,1.0,61,0.0846,flat,0.045,slope|ma|eff,,"structure=flat ; slopeZ={'slope20': -0.0717, 'slope50': -0.0699} ; ma={'ma20_gt_50': False, 'ma50_gt_200': False, 'px_gt_ma50': False} ; ER=0.045 ; score=-0.478 ; pro=['slope', 'ma', 'eff'] ; con=[] ; agreement=1.0 ; bars=61 ; atr%=0.0846"
افرا,D,2026-07-13,classified,up,0.865,0.6916,1.0,363,0.0481,LH+HL,0.326,structure|slope|ma|eff,,"structure=LH+HL ; slopeZ={'slope20': 0.0107, 'slope50': 0.3088, 'slope120': 0.2281} ; ma={'ma20_gt_50': True, 'ma50_gt_200': True, 'px_gt_ma50': True} ; ER=0.326 ; score=0.692 ; pro=['structure', 'slope', 'ma', 'eff'] ; con=[] ; agreement=1.0 ; bars=363 ; atr%=0.0481"
افرا,W,2026-07-13,classified,up,0.885,0.8828,1.0,84,0.0819,HH+HL,0.427,structure|slope|ma|eff,,"structure=HH+HL ; slopeZ={'slope20': 1.017, 'slope50': 0.2146} ; ma={'ma20_gt_50': True, 'ma50_gt_200': False, 'px_gt_ma50': True} ; ER=0.427 ; score=0.883 ; pro=['structure', 'slope', 'ma', 'eff'] ; con=[] ; agreement=1.0 ; bars=84 ; atr%=0.0819"
افرا,D,2026-10-07,classified,neutral,0.147,-0.1,0.0,422,0.0423,flat,0.483,,,"structure=flat ; slopeZ={'slope20': -0.1807, 'slope50': -0.0902, 'slope120': 0.1472} ; ma={'ma20_gt_50': False, 'ma50_gt_200': True, 'px_gt_ma50': False} ; ER=0.483 ; score=-0.1 ; pro=[] ; con=[] ; agreement=0.0 ; bars=422 ; atr%=0.0423"
افرا,W,2026-10-07,classified,up,0.844,0.82,1.0,96,0.1417,HH+HL,0.221,structure|slope|ma|eff,,"structure=HH+HL ; slopeZ={'slope20': 0.0485, 'slope50': 0.1472} ; ma={'ma20_gt_50': True, 'ma50_gt_200': False, 'px_gt_ma50': True} ; ER=0.221 ; score=0.82 ; pro=['structure', 'slope', 'ma', 'eff'] ; con=[] ; agreement=1.0 ; bars=96 ; atr%=0.1417"
اكسيژن,D,2025-12-08,classified,up,0.858,0.797,1.0,287,0.0203,HH+HL,0.29,structure|slope|ma|eff,,"structure=HH+HL ; slopeZ={'slope20': 0.1535, 'slope50': 0.3191, 'slope120': 0.0401} ; ma={'ma20_gt_50': True, 'ma50_gt_200': True, 'px_gt_ma50': True} ; ER=0.29 ; score=0.797 ; pro=['structure', 'slope', 'ma', 'eff'] ; con=[] ; agreement=1.0 ; bars=287 ; atr%=0.0203"
اكسيژن,W,2025-12-08,classified,up,0.809,0.5828,1.0,66,0.0463,HH+HL,0.09,structure|slope|eff,,"structure=HH+HL ; slopeZ={'slope20': 0.2171, 'slope50': 0.1161} ; ma={'ma20_gt_50': False, 'ma50_gt_200': False, 'px_gt_ma50': True} ; ER=0.09 ; score=0.583 ; pro=['structure', 'slope', 'eff'] ; con=[] ; agreement=1.0 ; bars=66 ; atr%=0.0463"
اكسيژن,D,2026-07-15,classified,up,0.841,0.8173,1.0,377,0.031,HH+HL,0.203,structure|slope|ma|eff,,"structure=HH+HL ; slopeZ={'slope20': 0.0676, 'slope50': 0.0645, 'slope120': 0.1006} ; ma={'ma20_gt_50': True, 'ma50_gt_200': True, 'px_gt_ma50': True} ; ER=0.203 ; score=0.817 ; pro=['structure', 'slope', 'ma', 'eff'] ; con=[] ; agreement=1.0 ; bars=377 ; atr%=0.031"
اكسيژن,W,2026-07-15,classified,up,0.868,0.8593,1.0,86,0.0702,HH+HL,0.342,structure|slope|ma|eff,,"structure=HH+HL ; slopeZ={'slope20': 0.1647, 'slope50': 0.1041} ; ma={'ma20_gt_50': True, 'ma50_gt_200': False, 'px_gt_ma50': True} ; ER=0.342 ; score=0.859 ; pro=['structure', 'slope', 'ma', 'eff'] ; con=[] ; agreement=1.0 ; bars=86 ; atr%=0.0702"
اكسيژن,D,2026-10-07,classified,up,0.913,0.9105,1.0,436,0.023,HH+HL,0.563,structure|slope|ma|eff,,"structure=HH+HL ; slopeZ={'slope20': 0.2596, 'slope50': 0.4197, 'slope120': 0.2151} ; ma={'ma20_gt_50': True, 'ma50_gt_200': True, 'px_gt_ma50': True} ; ER=0.563 ; score=0.91 ; pro=['structure', 'slope', 'ma', 'eff'] ; con=[] ; agreement=1.0 ; bars=436 ; atr%=0.023"
اكسيژن,W,2026-10-07,classified,up,0.894,0.8916,1.0,98,0.0545,HH+HL,0.47,structure|slope|ma|eff,,"structure=HH+HL ; slopeZ={'slope20': 0.9092, 'slope50': 0.5711} ; ma={'ma20_gt_50': True, 'ma50_gt_200': False, 'px_gt_ma50': True} ; ER=0.47 ; score=0.892 ; pro=['structure', 'slope', 'ma', 'eff'] ; con=[] ; agreement=1.0 ; bars=98 ; atr%=0.0545"
البرز,D,2025-11-19,classified,up,0.86,0.7646,1.0,283,0.0215,HH+HL,0.3,structure|slope|ma|eff,,"structure=HH+HL ; slopeZ={'slope20': 0.1378, 'slope50': 0.0962, 'slope120': 0.0264} ; ma={'ma20_gt_50': True, 'ma50_gt_200': True, 'px_gt_ma50': True} ; ER=0.3 ; score=0.765 ; pro=['structure', 'slope', 'ma', 'eff'] ; con=[] ; agreement=1.0 ; bars=283 ; atr%=0.0215"
البرز,W,2025-11-19,classified,up,0.826,0.5725,1.0,61,0.0468,LH+HL,0.2,structure|slope|ma|eff,,"structure=LH+HL ; slopeZ={'slope20': -0.0267, 'slope50': 0.1836} ; ma={'ma20_gt_50': True, 'ma50_gt_200': False, 'px_gt_ma50': True} ; ER=0.2 ; score=0.572 ; pro=['structure', 'slope', 'ma', 'eff'] ; con=[] ; agreement=1.0 ; bars=61 ; atr%=0.0468"
البرز,D,2026-06-30,classified,down,0.712,-0.4165,1.0,373,0.0485,LL+LH,0.02,structure|slope|ma,eff,"structure=LL+LH ; slopeZ={'slope20': -0.0346, 'slope50': -0.0236, 'slope120': -0.0002} ; ma={'ma20_gt_50': True, 'ma50_gt_200': False, 'px_gt_ma50': False} ; ER=0.02 ; score=-0.416 ; pro=['structure', 'slope', 'ma'] ; con=['eff'] ; agreement=1.0 ; bars=373 ; atr%=0.0485"
البرز,W,2026-06-30,classified,up,0.596,0.177,1.0,82,0.0836,LH+HL,0.036,structure|slope|eff,,"structure=LH+HL ; slopeZ={'slope20': -0.0376, 'slope50': 0.0193} ; ma={'ma20_gt_50': True, 'ma50_gt_200': False, 'px_gt_ma50': False} ; ER=0.036 ; score=0.177 ; pro=['structure', 'slope', 'eff'] ; con=[] ; agreement=1.0 ; bars=82 ; atr%=0.0836"
البرز,D,2026-10-07,classified,up,0.963,0.9588,1.0,432,0.0313,HH+HL,0.815,structure|slope|ma|eff,,"structure=HH+HL ; slopeZ={'slope20': 0.8373, 'slope50': 0.6035, 'slope120': 0.1152} ; ma={'ma20_gt_50': True, 'ma50_gt_200': True, 'px_gt_ma50': True} ; ER=0.815 ; score=0.959 ; pro=['structure', 'slope', 'ma', 'eff'] ; con=[] ; agreement=1.0 ; bars=432 ; atr%=0.0313"
البرز,W,2026-10-07,classified,up,0.342,0.2542,0.333,96,0.0602,LL+LH,0.243,slope|ma|eff,structure,"structure=LL+LH ; slopeZ={'slope20': 0.6307, 'slope50': 0.2192} ; ma={'ma20_gt_50': True, 'ma50_gt_200': False, 'px_gt_ma50': True} ; ER=0.243 ; score=0.254 ; pro=['slope', 'ma', 'eff'] ; con=['structure'] ; agreement=0.33 ; bars=96 ; atr%=0.0602"
الماس,D,2025-12-06,classified,up,0.893,0.5997,1.0,293,0.0146,HH+HL,0.468,structure|slope|ma|eff,,"structure=HH+HL ; slopeZ={'slope20': 0.2706, 'slope50': 0.3744, 'slope120': 0.0095} ; ma={'ma20_gt_50': True, 'ma50_gt_200': False, 'px_gt_ma50': True} ; ER=0.468 ; score=0.6 ; pro=['structure', 'slope', 'ma', 'eff'] ; con=[] ; agreement=1.0 ; bars=293 ; atr%=0.0146"
الماس,W,2025-12-06,classified,neutral,0.195,-0.0413,0.333,66,0.0356,HH+HL,0.036,,,"structure=HH+HL ; slopeZ={'slope20': 0.2436, 'slope50': -0.4966} ; ma={'ma20_gt_50': False, 'ma50_gt_200': False, 'px_gt_ma50': False} ; ER=0.036 ; score=-0.041 ; pro=[] ; con=[] ; agreement=0.33 ; bars=66 ; atr%=0.0356"
الماس,D,2026-07-13,classified,up,0.88,0.7295,1.0,383,0.0204,LH+HL,0.4,structure|slope|ma|eff,,"structure=LH+HL ; slopeZ={'slope20': 0.1908, 'slope50': 0.2709, 'slope120': 0.239} ; ma={'ma20_gt_50': True, 'ma50_gt_200': True, 'px_gt_ma50': True} ; ER=0.4 ; score=0.729 ; pro=['structure', 'slope', 'ma', 'eff'] ; con=[] ; agreement=1.0 ; bars=383 ; atr%=0.0204"
الماس,W,2026-07-13,classified,up,0.897,0.8936,1.0,86,0.0602,HH+HL,0.485,structure|slope|ma|eff,,"structure=HH+HL ; slopeZ={'slope20': 0.3436, 'slope50': 0.1508} ; ma={'ma20_gt_50': True, 'ma50_gt_200': False, 'px_gt_ma50': True} ; ER=0.485 ; score=0.894 ; pro=['structure', 'slope', 'ma', 'eff'] ; con=[] ; agreement=1.0 ; bars=86 ; atr%=0.0602"
الماس,D,2026-10-07,classified,up,0.894,0.5972,1.0,442,0.0273,flat,0.475,slope|ma|eff,,"structure=flat ; slopeZ={'slope20': 0.2097, 'slope50': 0.3274, 'slope120': 0.2798} ; ma={'ma20_gt_50': True, 'ma50_gt_200': True, 'px_gt_ma50': True} ; ER=0.475 ; score=0.597 ; pro=['slope', 'ma', 'eff'] ; con=[] ; agreement=1.0 ; bars=442 ; atr%=0.0273"
الماس,W,2026-10-07,classified,up,0.919,0.7693,1.0,98,0.0521,LH+HL,0.595,structure|slope|ma|eff,,"structure=LH+HL ; slopeZ={'slope20': 1.1143, 'slope50': 0.7165} ; ma={'ma20_gt_50': True, 'ma50_gt_200': False, 'px_gt_ma50': True} ; ER=0.595 ; score=0.769 ; pro=['structure', 'slope', 'ma', 'eff'] ; con=[] ; agreement=1.0 ; bars=98 ; atr%=0.0521"
امين شهر,D,2025-12-01,classified,up,0.571,0.4091,0.333,287,0.0028,LL+LH,1.0,slope|ma|eff,structure,"structure=LL+LH ; slopeZ={'slope20': 0.404, 'slope50': 0.3856, 'slope120': 0.3953} ; ma={'ma20_gt_50': True, 'ma50_gt_200': True, 'px_gt_ma50': True} ; ER=1.0 ; score=0.409 ; pro=['slope', 'ma', 'eff'] ; con=['structure'] ; agreement=0.33 ; bars=287 ; atr%=0.0028"
امين شهر,W,2025-12-01,classified,up,0.997,0.9973,1.0,65,0.0105,HH+HL,0.987,structure|slope|ma|eff,,"structure=HH+HL ; slopeZ={'slope20': 0.5127, 'slope50': 0.4589} ; ma={'ma20_gt_50': True, 'ma50_gt_200': False, 'px_gt_ma50': True} ; ER=0.987 ; score=0.997 ; pro=['structure', 'slope', 'ma', 'eff'] ; con=[] ; agreement=1.0 ; bars=65 ; atr%=0.0105"
امين شهر,D,2026-07-15,classified,up,0.386,0.3805,0.333,377,0.0112,HH+LL,0.145,slope|ma|eff,structure,"structure=HH+LL ; slopeZ={'slope20': 0.0931, 'slope50': 0.2678, 'slope120': 0.2011} ; ma={'ma20_gt_50': True, 'ma50_gt_200': True, 'px_gt_ma50': True} ; ER=0.145 ; score=0.38 ; pro=['slope', 'ma', 'eff'] ; con=['structure'] ; agreement=0.33 ; bars=377 ; atr%=0.0112"
امين شهر,W,2026-07-15,classified,up,0.919,0.7694,1.0,84,0.0407,LH+HL,0.596,structure|slope|ma|eff,,"structure=LH+HL ; slopeZ={'slope20': 0.2867, 'slope50': 0.2017} ; ma={'ma20_gt_50': True, 'ma50_gt_200': False, 'px_gt_ma50': True} ; ER=0.596 ; score=0.769 ; pro=['structure', 'slope', 'ma', 'eff'] ; con=[] ; agreement=1.0 ; bars=84 ; atr%=0.0407"
امين شهر,D,2026-10-07,classified,up,0.901,0.8951,1.0,436,0.0104,HH+HL,0.507,structure|slope|ma|eff,,"structure=HH+HL ; slopeZ={'slope20': 0.0934, 'slope50': 0.1003, 'slope120': 0.1846} ; ma={'ma20_gt_50': True, 'ma50_gt_200': True, 'px_gt_ma50': True} ; ER=0.507 ; score=0.895 ; pro=['structure', 'slope', 'ma', 'eff'] ; con=[] ; agreement=1.0 ; bars=436 ; atr%=0.0104"
امين شهر,W,2026-10-07,classified,up,0.919,0.9167,1.0,96,0.0199,HH+HL,0.593,structure|slope|ma|eff,,"structure=HH+HL ; slopeZ={'slope20': 0.3363, 'slope50': 0.4394} ; ma={'ma20_gt_50': True, 'ma50_gt_200': False, 'px_gt_ma50': True} ; ER=0.593 ; score=0.917 ; pro=['structure', 'slope', 'ma', 'eff'] ; con=[] ; agreement=1.0 ; bars=96 ; atr%=0.0199"
اپال,D,2025-11-30,classified,up,0.272,0.1729,0.333,295,0.0259,LH+HL,0.096,structure|ma|eff,slope,"structure=LH+HL ; slopeZ={'slope20': -0.0577, 'slope50': 0.0559, 'slope120': -0.0353} ; ma={'ma20_gt_50': True, 'ma50_gt_200': False, 'px_gt_ma50': True} ; ER=0.096 ; score=0.173 ; pro=['structure', 'ma', 'eff'] ; con=['slope'] ; agreement=0.33 ; bars=295 ; atr%=0.0259"
اپال,W,2025-11-30,classified,down,0.874,-0.6534,1.0,65,0.0536,HH+LL,0.372,structure|slope|ma|eff,,"structure=HH+LL ; slopeZ={'slope20': -0.0064, 'slope50': -0.1262} ; ma={'ma20_gt_50': False, 'ma50_gt_200': False, 'px_gt_ma50': False} ; ER=0.372 ; score=-0.653 ; pro=['structure', 'slope', 'ma', 'eff'] ; con=[] ; agreement=1.0 ; bars=65 ; atr%=0.0536"
اپال,D,2026-07-12,classified,up,0.778,0.4598,1.0,385,0.0376,HH+HL,0.24,structure|slope|ma|eff,,"structure=HH+HL ; slopeZ={'slope20': 0.2399, 'slope50': -0.0307, 'slope120': 0.0149} ; ma={'ma20_gt_50': True, 'ma50_gt_200': False, 'px_gt_ma50': True} ; ER=0.24 ; score=0.46 ; pro=['structure', 'slope', 'ma', 'eff'] ; con=[] ; agreement=1.0 ; bars=385 ; atr%=0.0376"
اپال,W,2026-07-12,classified,neutral,0.189,0.0081,0.333,85,0.0797,HH+LL,0.093,,,"structure=HH+LL ; slopeZ={'slope20': 0.0268, 'slope50': -0.0397} ; ma={'ma20_gt_50': True, 'ma50_gt_200': False, 'px_gt_ma50': True} ; ER=0.093 ; score=0.008 ; pro=[] ; con=[] ; agreement=0.33 ; bars=85 ; atr%=0.0797"
اپال,D,2026-10-07,classified,up,0.29,0.1676,0.333,444,0.0363,LL+LH,0.196,slope|ma|eff,structure,"structure=LL+LH ; slopeZ={'slope20': -0.0386, 'slope50': 0.2803, 'slope120': 0.0591} ; ma={'ma20_gt_50': True, 'ma50_gt_200': True, 'px_gt_ma50': True} ; ER=0.196 ; score=0.168 ; pro=['slope', 'ma', 'eff'] ; con=['structure'] ; agreement=0.33 ; bars=444 ; atr%=0.0363"
اپال,W,2026-10-07,classified,up,0.842,0.835,1.0,97,0.0872,HH+HL,0.208,structure|slope|ma|eff,,"structure=HH+HL ; slopeZ={'slope20': 0.3853, 'slope50': 0.121} ; ma={'ma20_gt_50': True, 'ma50_gt_200': False, 'px_gt_ma50': True} ; ER=0.208 ; score=0.835 ; pro=['structure', 'slope', 'ma', 'eff'] ; con=[] ; agreement=1.0 ; bars=97 ; atr%=0.0872"
اپرداز,D,2025-12-01,classified,up,0.717,0.4069,1.0,291,0.0372,HH+HL,0.069,structure|slope|ma|eff,,"structure=HH+HL ; slopeZ={'slope20': 0.0993, 'slope50': 0.212, 'slope120': -0.0244} ; ma={'ma20_gt_50': True, 'ma50_gt_200': False, 'px_gt_ma50': True} ; ER=0.069 ; score=0.407 ; pro=['structure', 'slope', 'ma', 'eff'] ; con=[] ; agreement=1.0 ; bars=291 ; atr%=0.0372"
اپرداز,W,2025-12-01,classified,up,0.581,0.159,1.0,65,0.0712,LH+HL,0.009,structure|slope|eff,,"structure=LH+HL ; slopeZ={'slope20': 0.0746, 'slope50': -0.0162} ; ma={'ma20_gt_50': False, 'ma50_gt_200': False, 'px_gt_ma50': True} ; ER=0.009 ; score=0.159 ; pro=['structure', 'slope', 'eff'] ; con=[] ; agreement=1.0 ; bars=65 ; atr%=0.0712"
اپرداز,D,2026-07-08,classified,up,0.868,0.8229,1.0,381,0.0424,HH+HL,0.339,structure|slope|ma|eff,,"structure=HH+HL ; slopeZ={'slope20': 0.0693, 'slope50': 0.1639, 'slope120': 0.052} ; ma={'ma20_gt_50': True, 'ma50_gt_200': True, 'px_gt_ma50': True} ; ER=0.339 ; score=0.823 ; pro=['structure', 'slope', 'ma', 'eff'] ; con=[] ; agreement=1.0 ; bars=381 ; atr%=0.0424"
اپرداز,W,2026-07-08,classified,up,0.414,0.3742,0.333,85,0.0852,HH+LL,0.301,slope|ma|eff,structure,"structure=HH+LL ; slopeZ={'slope20': 0.0952, 'slope50': 0.057} ; ma={'ma20_gt_50': True, 'ma50_gt_200': False, 'px_gt_ma50': True} ; ER=0.301 ; score=0.374 ; pro=['slope', 'ma', 'eff'] ; con=['structure'] ; agreement=0.33 ; bars=85 ; atr%=0.0852"
اپرداز,D,2026-10-07,classified,up,0.784,0.4807,1.0,440,0.0407,flat,0.217,slope|ma|eff,,"structure=flat ; slopeZ={'slope20': -0.0702, 'slope50': 0.1476, 'slope120': 0.0898} ; ma={'ma20_gt_50': True, 'ma50_gt_200': True, 'px_gt_ma50': True} ; ER=0.217 ; score=0.481 ; pro=['slope', 'ma', 'eff'] ; con=[] ; agreement=1.0 ; bars=440 ; atr%=0.0407"
اپرداز,W,2026-10-07,classified,up,0.849,0.8451,1.0,98,0.0854,HH+HL,0.243,structure|slope|ma|eff,,"structure=HH+HL ; slopeZ={'slope20': 0.41, 'slope50': 0.2172} ; ma={'ma20_gt_50': True, 'ma50_gt_200': False, 'px_gt_ma50': True} ; ER=0.243 ; score=0.845 ; pro=['structure', 'slope', 'ma', 'eff'] ; con=[] ; agreement=1.0 ; bars=98 ; atr%=0.0854"
باران,D,2025-11-17,classified,up,0.765,0.4398,1.0,259,0.0428,HH+HL,0.224,structure|slope|ma|eff,,"structure=HH+HL ; slopeZ={'slope20': -0.0464, 'slope50': 0.0658, 'slope120': -0.0053} ; ma={'ma20_gt_50': True, 'ma50_gt_200': False, 'px_gt_ma50': True} ; ER=0.224 ; score=0.44 ; pro=['structure', 'slope', 'ma', 'eff'] ; con=[] ; agreement=1.0 ; bars=259 ; atr%=0.0428"
باران,W,2025-11-17,classified,neutral,0.198,-0.054,0.333,62,0.0715,HH+HL,0.021,,,"structure=HH+HL ; slopeZ={'slope20': 0.0282, 'slope50': -0.0562} ; ma={'ma20_gt_50': False, 'ma50_gt_200': False, 'px_gt_ma50': False} ; ER=0.021 ; score=-0.054 ; pro=[] ; con=[] ; agreement=0.33 ; bars=62 ; atr%=0.0715"
باران,D,2026-06-22,classified,up,0.494,0.4503,0.333,349,0.0375,HH+LL,0.509,slope|ma|eff,structure,"structure=HH+LL ; slopeZ={'slope20': 0.4072, 'slope50': 0.1577, 'slope120': 0.1018} ; ma={'ma20_gt_50': True, 'ma50_gt_200': True, 'px_gt_ma50': True} ; ER=0.509 ; score=0.45 ; pro=['slope', 'ma', 'eff'] ; con=['structure'] ; agreement=0.33 ; bars=349 ; atr%=0.0375"
باران,W,2026-06-22,classified,up,0.328,0.2287,0.333,82,0.0738,LL+LH,0.237,slope|ma|eff,structure,"structure=LL+LH ; slopeZ={'slope20': 0.2014, 'slope50': 0.0678} ; ma={'ma20_gt_50': True, 'ma50_gt_200': False, 'px_gt_ma50': True} ; ER=0.237 ; score=0.229 ; pro=['slope', 'ma', 'eff'] ; con=['structure'] ; agreement=0.33 ; bars=82 ; atr%=0.0738"
باران,D,2026-10-07,classified,up,0.252,0.1591,0.333,408,0.0612,LL+LH,0.031,slope|ma,structure|eff,"structure=LL+LH ; slopeZ={'slope20': 0.0396, 'slope50': 0.1734, 'slope120': 0.0595} ; ma={'ma20_gt_50': True, 'ma50_gt_200': True, 'px_gt_ma50': True} ; ER=0.031 ; score=0.159 ; pro=['slope', 'ma'] ; con=['structure', 'eff'] ; agreement=0.33 ; bars=408 ; atr%=0.0612"
باران,W,2026-10-07,classified,up,0.855,0.8508,1.0,96,0.1055,HH+HL,0.274,structure|slope|ma|eff,,"structure=HH+HL ; slopeZ={'slope20': 0.4044, 'slope50': 0.161} ; ma={'ma20_gt_50': True, 'ma50_gt_200': False, 'px_gt_ma50': True} ; ER=0.274 ; score=0.851 ; pro=['structure', 'slope', 'ma', 'eff'] ; con=[] ; agreement=1.0 ; bars=96 ; atr%=0.1055"
بخاور,D,2025-11-25,classified,down,0.322,-0.2731,0.333,280,0.0343,LH+HL,0.095,slope|ma,structure|eff,"structure=LH+HL ; slopeZ={'slope20': -0.0494, 'slope50': -0.0208, 'slope120': -0.0897} ; ma={'ma20_gt_50': False, 'ma50_gt_200': False, 'px_gt_ma50': False} ; ER=0.095 ; score=-0.273 ; pro=['slope', 'ma'] ; con=['structure', 'eff'] ; agreement=0.33 ; bars=280 ; atr%=0.0343"
بخاور,W,2025-11-25,classified,down,0.354,-0.1617,0.333,62,0.0669,HH+HL,0.533,slope|ma|eff,structure,"structure=HH+HL ; slopeZ={'slope20': -0.0961, 'slope50': -0.0121} ; ma={'ma20_gt_50': False, 'ma50_gt_200': False, 'px_gt_ma50': False} ; ER=0.533 ; score=-0.162 ; pro=['slope', 'ma', 'eff'] ; con=['structure'] ; agreement=0.33 ; bars=62 ; atr%=0.0669"
بخاور,D,2026-07-07,classified,up,0.883,0.8793,1.0,370,0.0301,HH+HL,0.415,structure|slope|ma|eff,,"structure=HH+HL ; slopeZ={'slope20': 0.6147, 'slope50': 0.1601, 'slope120': 0.1512} ; ma={'ma20_gt_50': True, 'ma50_gt_200': True, 'px_gt_ma50': True} ; ER=0.415 ; score=0.879 ; pro=['structure', 'slope', 'ma', 'eff'] ; con=[] ; agreement=1.0 ; bars=370 ; atr%=0.0301"
بخاور,W,2026-07-07,classified,down,0.28,-0.1251,0.333,82,0.0697,LL+LH,0.254,structure|slope,ma|eff,"structure=LL+LH ; slopeZ={'slope20': 0.3712, 'slope50': -0.0967} ; ma={'ma20_gt_50': True, 'ma50_gt_200': False, 'px_gt_ma50': True} ; ER=0.254 ; score=-0.125 ; pro=['structure', 'slope'] ; con=['ma', 'eff'] ; agreement=0.33 ; bars=82 ; atr%=0.0697"
بخاور,D,2026-10-07,classified,up,0.927,0.9256,1.0,429,0.0257,HH+HL,0.636,structure|slope|ma|eff,,"structure=HH+HL ; slopeZ={'slope20': 0.6267, 'slope50': 0.4686, 'slope120': 0.2409} ; ma={'ma20_gt_50': True, 'ma50_gt_200': True, 'px_gt_ma50': True} ; ER=0.636 ; score=0.926 ; pro=['structure', 'slope', 'ma', 'eff'] ; con=[] ; agreement=1.0 ; bars=429 ; atr%=0.0257"
بخاور,W,2026-10-07,classified,up,0.872,0.8693,1.0,95,0.0672,HH+HL,0.361,structure|slope|ma|eff,,"structure=HH+HL ; slopeZ={'slope20': 0.6494, 'slope50': 0.3952} ; ma={'ma20_gt_50': True, 'ma50_gt_200': False, 'px_gt_ma50': True} ; ER=0.361 ; score=0.869 ; pro=['structure', 'slope', 'ma', 'eff'] ; con=[] ; agreement=1.0 ; bars=95 ; atr%=0.0672"
بساما,D,2025-11-30,classified,up,0.796,0.501,1.0,290,0.0395,LH+HL,0.229,structure|slope|ma|eff,,"structure=LH+HL ; slopeZ={'slope20': -0.0807, 'slope50': 0.0549, 'slope120': 0.0144} ; ma={'ma20_gt_50': True, 'ma50_gt_200': True, 'px_gt_ma50': True} ; ER=0.229 ; score=0.501 ; pro=['structure', 'slope', 'ma', 'eff'] ; con=[] ; agreement=1.0 ; bars=290 ; atr%=0.0395"
بساما,W,2025-11-30,classified,neutral,0.189,-0.0184,0.333,64,0.0672,HH+LL,0.065,,,"structure=HH+LL ; slopeZ={'slope20': 0.1236, 'slope50': -0.1009} ; ma={'ma20_gt_50': True, 'ma50_gt_200': False, 'px_gt_ma50': True} ; ER=0.065 ; score=-0.018 ; pro=[] ; con=[] ; agreement=0.33 ; bars=64 ; atr%=0.0672"
بساما,D,2026-07-11,classified,down,0.314,-0.2798,0.333,380,0.0423,LL+LH,0.037,structure|ma|eff,slope,"structure=LL+LH ; slopeZ={'slope20': -0.0267, 'slope50': 0.0041, 'slope120': 0.0364} ; ma={'ma20_gt_50': False, 'ma50_gt_200': True, 'px_gt_ma50': False} ; ER=0.037 ; score=-0.28 ; pro=['structure', 'ma', 'eff'] ; con=['slope'] ; agreement=0.33 ; bars=380 ; atr%=0.0423"
بساما,W,2026-07-11,classified,up,0.367,0.3233,0.333,85,0.0784,HH+LL,0.192,slope|ma|eff,structure,"structure=HH+LL ; slopeZ={'slope20': 0.0612, 'slope50': 0.0447} ; ma={'ma20_gt_50': True, 'ma50_gt_200': False, 'px_gt_ma50': True} ; ER=0.192 ; score=0.323 ; pro=['slope', 'ma', 'eff'] ; con=['structure'] ; agreement=0.33 ; bars=85 ; atr%=0.0784"
بساما,D,2026-10-07,classified,up,0.865,0.5617,1.0,439,0.0386,flat,0.42,slope|ma|eff,,"structure=flat ; slopeZ={'slope20': 0.2581, 'slope50': 0.3003, 'slope120': 0.0645} ; ma={'ma20_gt_50': True, 'ma50_gt_200': True, 'px_gt_ma50': True} ; ER=0.42 ; score=0.562 ; pro=['slope', 'ma', 'eff'] ; con=[] ; agreement=1.0 ; bars=439 ; atr%=0.0386"
بساما,W,2026-10-07,classified,up,0.864,0.8612,1.0,97,0.0749,HH+HL,0.322,structure|slope|ma|eff,,"structure=HH+HL ; slopeZ={'slope20': 0.2756, 'slope50': 0.2428} ; ma={'ma20_gt_50': True, 'ma50_gt_200': False, 'px_gt_ma50': True} ; ER=0.322 ; score=0.861 ; pro=['structure', 'slope', 'ma', 'eff'] ; con=[] ; agreement=1.0 ; bars=97 ; atr%=0.0749"
بكابل,D,2025-12-01,classified,up,0.457,0.3838,0.333,292,0.0338,HH+LL,0.493,slope|ma|eff,structure,"structure=HH+LL ; slopeZ={'slope20': 0.1042, 'slope50': 0.2401, 'slope120': 0.0348} ; ma={'ma20_gt_50': True, 'ma50_gt_200': True, 'px_gt_ma50': True} ; ER=0.493 ; score=0.384 ; pro=['slope', 'ma', 'eff'] ; con=['structure'] ; agreement=0.33 ; bars=292 ; atr%=0.0338"
بكابل,W,2025-12-01,classified,up,0.137,0.2128,0.0,65,0.0675,HH+HL,0.151,structure|eff,slope,"structure=HH+HL ; slopeZ={'slope20': 0.3136, 'slope50': -0.1182} ; ma={'ma20_gt_50': False, 'ma50_gt_200': False, 'px_gt_ma50': True} ; ER=0.151 ; score=0.213 ; pro=['structure', 'eff'] ; con=['slope'] ; agreement=0.0 ; bars=65 ; atr%=0.0675"
بكابل,D,2026-07-15,classified,down,0.254,-0.1415,0.333,382,0.0433,HH+HL,0.083,slope|ma|eff,structure,"structure=HH+HL ; slopeZ={'slope20': -0.062, 'slope50': -0.1882, 'slope120': -0.0317} ; ma={'ma20_gt_50': False, 'ma50_gt_200': False, 'px_gt_ma50': False} ; ER=0.083 ; score=-0.142 ; pro=['slope', 'ma', 'eff'] ; con=['structure'] ; agreement=0.33 ; bars=382 ; atr%=0.0433"
بكابل,W,2026-07-15,classified,up,0.069,0.138,0.0,85,0.1613,HH+HL,0.002,structure,slope|eff,"structure=HH+HL ; slopeZ={'slope20': -0.0907, 'slope50': -0.0228} ; ma={'ma20_gt_50': True, 'ma50_gt_200': False, 'px_gt_ma50': False} ; ER=0.002 ; score=0.138 ; pro=['structure'] ; con=['slope', 'eff'] ; agreement=0.0 ; bars=85 ; atr%=0.1613"
بكابل,D,2026-10-07,classified,neutral,0.019,0.0338,0.0,441,0.0412,flat,0.009,,,"structure=flat ; slopeZ={'slope20': 0.0831, 'slope50': 0.1093, 'slope120': -0.0572} ; ma={'ma20_gt_50': True, 'ma50_gt_200': False, 'px_gt_ma50': True} ; ER=0.009 ; score=0.034 ; pro=[] ; con=[] ; agreement=0.0 ; bars=441 ; atr%=0.0412"
بكابل,W,2026-10-07,classified,up,0.722,0.4192,1.0,97,0.1012,HH+HL,0.06,structure|slope,eff,"structure=HH+HL ; slopeZ={'slope20': -0.0298, 'slope50': 0.077} ; ma={'ma20_gt_50': False, 'ma50_gt_200': False, 'px_gt_ma50': True} ; ER=0.06 ; score=0.419 ; pro=['structure', 'slope'] ; con=['eff'] ; agreement=1.0 ; bars=97 ; atr%=0.1012"
بموتو,D,2025-11-30,classified,up,0.868,0.5937,1.0,288,0.0259,LH+HL,0.357,structure|slope|ma|eff,,"structure=LH+HL ; slopeZ={'slope20': 0.157, 'slope50': 0.1534, 'slope120': 0.0135} ; ma={'ma20_gt_50': True, 'ma50_gt_200': True, 'px_gt_ma50': True} ; ER=0.357 ; score=0.594 ; pro=['structure', 'slope', 'ma', 'eff'] ; con=[] ; agreement=1.0 ; bars=288 ; atr%=0.0259"
بموتو,W,2025-11-30,classified,neutral,0.53,0.0321,1.0,64,0.0532,flat,0.068,,,"structure=flat ; slopeZ={'slope20': 0.2491, 'slope50': -0.0159} ; ma={'ma20_gt_50': False, 'ma50_gt_200': False, 'px_gt_ma50': True} ; ER=0.068 ; score=0.032 ; pro=[] ; con=[] ; agreement=1.0 ; bars=64 ; atr%=0.0532"
بموتو,D,2026-07-15,classified,up,0.308,0.2664,0.333,378,0.0432,HH+LL,0.04,slope|ma|eff,structure,"structure=HH+LL ; slopeZ={'slope20': -0.0532, 'slope50': 0.0515, 'slope120': 0.062} ; ma={'ma20_gt_50': True, 'ma50_gt_200': True, 'px_gt_ma50': True} ; ER=0.04 ; score=0.266 ; pro=['slope', 'ma', 'eff'] ; con=['structure'] ; agreement=0.33 ; bars=378 ; atr%=0.0432"
بموتو,W,2026-07-15,classified,up,0.854,0.7535,1.0,85,0.0865,HH+HL,0.268,structure|slope|ma|eff,,"structure=HH+HL ; slopeZ={'slope20': 0.0501, 'slope50': 0.0345} ; ma={'ma20_gt_50': True, 'ma50_gt_200': False, 'px_gt_ma50': True} ; ER=0.268 ; score=0.753 ; pro=['structure', 'slope', 'ma', 'eff'] ; con=[] ; agreement=1.0 ; bars=85 ; atr%=0.0865"
بموتو,D,2026-10-07,classified,up,0.461,0.4294,0.333,437,0.0392,HH+LL,0.397,slope|ma|eff,structure,"structure=HH+LL ; slopeZ={'slope20': 0.0686, 'slope50': 0.2849, 'slope120': 0.1632} ; ma={'ma20_gt_50': True, 'ma50_gt_200': True, 'px_gt_ma50': True} ; ER=0.397 ; score=0.429 ; pro=['slope', 'ma', 'eff'] ; con=['structure'] ; agreement=0.33 ; bars=437 ; atr%=0.0392"
بموتو,W,2026-10-07,classified,up,0.87,0.867,1.0,97,0.0812,HH+HL,0.35,structure|slope|ma|eff,,"structure=HH+HL ; slopeZ={'slope20': 0.5921, 'slope50': 0.3817} ; ma={'ma20_gt_50': True, 'ma50_gt_200': False, 'px_gt_ma50': True} ; ER=0.35 ; score=0.867 ; pro=['structure', 'slope', 'ma', 'eff'] ; con=[] ; agreement=1.0 ; bars=97 ; atr%=0.0812"
بمولد,D,2025-12-06,classified,up,0.86,0.8063,1.0,297,0.0224,HH+HL,0.299,structure|slope|ma|eff,,"structure=HH+HL ; slopeZ={'slope20': 0.0922, 'slope50': 0.148, 'slope120': 0.0452} ; ma={'ma20_gt_50': True, 'ma50_gt_200': True, 'px_gt_ma50': True} ; ER=0.299 ; score=0.806 ; pro=['structure', 'slope', 'ma', 'eff'] ; con=[] ; agreement=1.0 ; bars=297 ; atr%=0.0224"
بمولد,W,2025-12-06,classified,up,0.845,0.7654,1.0,65,0.0477,HH+HL,0.225,structure|slope|ma|eff,,"structure=HH+HL ; slopeZ={'slope20': 0.0909, 'slope50': 0.0371} ; ma={'ma20_gt_50': True, 'ma50_gt_200': False, 'px_gt_ma50': True} ; ER=0.225 ; score=0.765 ; pro=['structure', 'slope', 'ma', 'eff'] ; con=[] ; agreement=1.0 ; bars=65 ; atr%=0.0477"
بمولد,D,2026-07-15,classified,up,0.889,0.8735,1.0,387,0.0336,HH+HL,0.445,structure|slope|ma|eff,,"structure=HH+HL ; slopeZ={'slope20': 0.3737, 'slope50': 0.1904, 'slope120': 0.0812} ; ma={'ma20_gt_50': True, 'ma50_gt_200': True, 'px_gt_ma50': True} ; ER=0.445 ; score=0.873 ; pro=['structure', 'slope', 'ma', 'eff'] ; con=[] ; agreement=1.0 ; bars=387 ; atr%=0.0336"
بمولد,W,2026-07-15,classified,up,0.374,0.2757,0.333,84,0.0704,LL+LH,0.349,slope|ma|eff,structure,"structure=LL+LH ; slopeZ={'slope20': 0.2077, 'slope50': 0.1953} ; ma={'ma20_gt_50': True, 'ma50_gt_200': False, 'px_gt_ma50': True} ; ER=0.349 ; score=0.276 ; pro=['slope', 'ma', 'eff'] ; con=['structure'] ; agreement=0.33 ; bars=84 ; atr%=0.0704"
بمولد,D,2026-10-07,classified,up,0.732,0.4161,1.0,446,0.0394,flat,0.119,slope|ma,eff,"structure=flat ; slopeZ={'slope20': -0.097, 'slope50': 0.1398, 'slope120': 0.1208} ; ma={'ma20_gt_50': True, 'ma50_gt_200': True, 'px_gt_ma50': True} ; ER=0.119 ; score=0.416 ; pro=['slope', 'ma'] ; con=['eff'] ; agreement=1.0 ; bars=446 ; atr%=0.0394"
بمولد,W,2026-10-07,classified,up,0.857,0.8535,1.0,96,0.0996,HH+HL,0.286,structure|slope|ma|eff,,"structure=HH+HL ; slopeZ={'slope20': 0.3465, 'slope50': 0.1679} ; ma={'ma20_gt_50': True, 'ma50_gt_200': False, 'px_gt_ma50': True} ; ER=0.286 ; score=0.854 ; pro=['structure', 'slope', 'ma', 'eff'] ; con=[] ; agreement=1.0 ; bars=96 ; atr%=0.0996"
بنو,D,2025-11-23,classified,up,0.436,0.3921,0.333,278,0.0317,HH+HL,0.365,structure|ma|eff,slope,"structure=HH+HL ; slopeZ={'slope20': 0.0339, 'slope50': 0.1132, 'slope120': -0.0576} ; ma={'ma20_gt_50': True, 'ma50_gt_200': False, 'px_gt_ma50': True} ; ER=0.365 ; score=0.392 ; pro=['structure', 'ma', 'eff'] ; con=['slope'] ; agreement=0.33 ; bars=278 ; atr%=0.0317"
بنو,W,2025-11-23,classified,down,0.262,-0.13,0.333,61,0.0632,HH+HL,0.15,slope|ma|eff,structure,"structure=HH+HL ; slopeZ={'slope20': -0.0104, 'slope50': -0.052} ; ma={'ma20_gt_50': False, 'ma50_gt_200': False, 'px_gt_ma50': False} ; ER=0.15 ; score=-0.13 ; pro=['slope', 'ma', 'eff'] ; con=['structure'] ; agreement=0.33 ; bars=61 ; atr%=0.0632"
بنو,D,2026-07-14,classified,up,0.697,0.312,1.0,368,0.0421,LH+HL,0.207,structure|slope|ma|eff,,"structure=LH+HL ; slopeZ={'slope20': 0.0024, 'slope50': -0.074, 'slope120': 0.0375} ; ma={'ma20_gt_50': True, 'ma50_gt_200': True, 'px_gt_ma50': False} ; ER=0.207 ; score=0.312 ; pro=['structure', 'slope', 'ma', 'eff'] ; con=[] ; agreement=1.0 ; bars=368 ; atr%=0.0421"
بنو,W,2026-07-14,classified,up,0.312,0.2516,0.333,83,0.0998,LH+HL,0.099,structure|ma|eff,slope,"structure=LH+HL ; slopeZ={'slope20': -0.0156, 'slope50': -0.0359} ; ma={'ma20_gt_50': True, 'ma50_gt_200': False, 'px_gt_ma50': True} ; ER=0.099 ; score=0.252 ; pro=['structure', 'ma', 'eff'] ; con=['slope'] ; agreement=0.33 ; bars=83 ; atr%=0.0998"
بنو,D,2026-10-07,classified,up,0.712,0.3895,1.0,427,0.041,flat,0.084,slope|ma|eff,,"structure=flat ; slopeZ={'slope20': -0.0209, 'slope50': 0.1368, 'slope120': 0.0271} ; ma={'ma20_gt_50': True, 'ma50_gt_200': True, 'px_gt_ma50': True} ; ER=0.084 ; score=0.389 ; pro=['slope', 'ma', 'eff'] ; con=[] ; agreement=1.0 ; bars=427 ; atr%=0.041"
بنو,W,2026-10-07,classified,up,0.808,0.802,1.0,95,0.0946,HH+HL,0.042,structure|slope|ma|eff,,"structure=HH+HL ; slopeZ={'slope20': 0.322, 'slope50': 0.1315} ; ma={'ma20_gt_50': True, 'ma50_gt_200': False, 'px_gt_ma50': True} ; ER=0.042 ; score=0.802 ; pro=['structure', 'slope', 'ma', 'eff'] ; con=[] ; agreement=1.0 ; bars=95 ; atr%=0.0946"
بهير,D,2025-11-26,classified,up,0.831,0.3785,1.0,260,0.0233,LH+HL,0.708,structure|slope|ma|eff,,"structure=LH+HL ; slopeZ={'slope20': 0.4331, 'slope50': 0.0659, 'slope120': -0.0254} ; ma={'ma20_gt_50': True, 'ma50_gt_200': False, 'px_gt_ma50': True} ; ER=0.708 ; score=0.378 ; pro=['structure', 'slope', 'ma', 'eff'] ; con=[] ; agreement=1.0 ; bars=260 ; atr%=0.0233"
بهير,W,2025-11-26,classified,down,0.837,-0.7485,1.0,59,0.0413,LL+LH,0.185,structure|slope|ma|eff,,"structure=LL+LH ; slopeZ={'slope20': -0.0365, 'slope50': -0.0449} ; ma={'ma20_gt_50': False, 'ma50_gt_200': False, 'px_gt_ma50': False} ; ER=0.185 ; score=-0.748 ; pro=['structure', 'slope', 'ma', 'eff'] ; con=[] ; agreement=1.0 ; bars=59 ; atr%=0.0413"
بهير,D,2026-07-11,classified,up,0.776,0.4866,1.0,350,0.0252,HH+HL,0.161,structure|slope|ma|eff,,"structure=HH+HL ; slopeZ={'slope20': 0.0605, 'slope50': -0.0563, 'slope120': 0.0411} ; ma={'ma20_gt_50': True, 'ma50_gt_200': False, 'px_gt_ma50': True} ; ER=0.161 ; score=0.487 ; pro=['structure', 'slope', 'ma', 'eff'] ; con=[] ; agreement=1.0 ; bars=350 ; atr%=0.0252"
بهير,W,2026-07-11,classified,neutral,0.199,-0.026,0.333,81,0.0557,HH+HL,0.096,,,"structure=HH+HL ; slopeZ={'slope20': 0.0308, 'slope50': -0.0554} ; ma={'ma20_gt_50': False, 'ma50_gt_200': False, 'px_gt_ma50': False} ; ER=0.096 ; score=-0.026 ; pro=[] ; con=[] ; agreement=0.33 ; bars=81 ; atr%=0.0557"
بهير,D,2026-10-07,classified,up,0.918,0.9113,1.0,409,0.0249,HH+HL,0.589,structure|slope|ma|eff,,"structure=HH+HL ; slopeZ={'slope20': 0.3912, 'slope50': 0.4032, 'slope120': 0.108} ; ma={'ma20_gt_50': True, 'ma50_gt_200': True, 'px_gt_ma50': True} ; ER=0.589 ; score=0.911 ; pro=['structure', 'slope', 'ma', 'eff'] ; con=[] ; agreement=1.0 ; bars=409 ; atr%=0.0249"
بهير,W,2026-10-07,classified,up,0.429,0.4098,0.333,93,0.0512,HH+LL,0.288,slope|ma|eff,structure,"structure=HH+LL ; slopeZ={'slope20': 0.6201, 'slope50': 0.1429} ; ma={'ma20_gt_50': True, 'ma50_gt_200': False, 'px_gt_ma50': True} ; ER=0.288 ; score=0.41 ; pro=['slope', 'ma', 'eff'] ; con=['structure'] ; agreement=0.33 ; bars=93 ; atr%=0.0512"
بيوتيك,D,2025-11-30,classified,down,0.86,-0.6822,1.0,297,0.0324,LL+LH,0.3,structure|slope|ma|eff,,"structure=LL+LH ; slopeZ={'slope20': -0.0662, 'slope50': -0.0211, 'slope120': -0.0132} ; ma={'ma20_gt_50': False, 'ma50_gt_200': False, 'px_gt_ma50': False} ; ER=0.3 ; score=-0.682 ; pro=['structure', 'slope', 'ma', 'eff'] ; con=[] ; agreement=1.0 ; bars=297 ; atr%=0.0324"
بيوتيك,W,2025-11-30,classified,down,0.709,-0.4063,1.0,65,0.0697,HH+LL,0.03,structure|slope|ma|eff,,"structure=HH+LL ; slopeZ={'slope20': 0.0352, 'slope50': -0.0195} ; ma={'ma20_gt_50': False, 'ma50_gt_200': False, 'px_gt_ma50': False} ; ER=0.03 ; score=-0.406 ; pro=['structure', 'slope', 'ma', 'eff'] ; con=[] ; agreement=1.0 ; bars=65 ; atr%=0.0697"
بيوتيك,D,2026-07-14,classified,down,0.82,-0.7291,1.0,387,0.0432,LL+LH,0.102,structure|slope|ma,eff,"structure=LL+LH ; slopeZ={'slope20': 0.0181, 'slope50': -0.2467, 'slope120': -0.0981} ; ma={'ma20_gt_50': False, 'ma50_gt_200': False, 'px_gt_ma50': False} ; ER=0.102 ; score=-0.729 ; pro=['structure', 'slope', 'ma'] ; con=['eff'] ; agreement=1.0 ; bars=387 ; atr%=0.0432"
بيوتيك,W,2026-07-14,classified,down,0.849,-0.7932,1.0,85,0.1962,LL+LH,0.245,structure|slope|ma|eff,,"structure=LL+LH ; slopeZ={'slope20': -0.1197, 'slope50': -0.0473} ; ma={'ma20_gt_50': False, 'ma50_gt_200': False, 'px_gt_ma50': False} ; ER=0.245 ; score=-0.793 ; pro=['structure', 'slope', 'ma', 'eff'] ; con=[] ; agreement=1.0 ; bars=85 ; atr%=0.1962"
بيوتيك,D,2026-10-07,classified,up,0.743,0.4214,1.0,446,0.0408,LH+HL,0.163,structure|slope|ma|eff,,"structure=LH+HL ; slopeZ={'slope20': -0.1294, 'slope50': 0.4053, 'slope120': -0.0089} ; ma={'ma20_gt_50': True, 'ma50_gt_200': True, 'px_gt_ma50': True} ; ER=0.163 ; score=0.421 ; pro=['structure', 'slope', 'ma', 'eff'] ; con=[] ; agreement=1.0 ; bars=446 ; atr%=0.0408"
بيوتيك,W,2026-10-07,classified,up,0.776,0.5334,1.0,97,0.0979,HH+HL,0.046,structure|slope|eff,,"structure=HH+HL ; slopeZ={'slope20': 0.1912, 'slope50': 0.0514} ; ma={'ma20_gt_50': False, 'ma50_gt_200': False, 'px_gt_ma50': True} ; ER=0.046 ; score=0.533 ; pro=['structure', 'slope', 'eff'] ; con=[] ; agreement=1.0 ; bars=97 ; atr%=0.0979"
بگيلان,D,2025-12-08,classified,down,0.198,-0.148,0.0,301,0.0425,flat,0.621,slope|eff,ma,"structure=flat ; slopeZ={'slope20': -0.1328, 'slope50': 0.001, 'slope120': -0.0215} ; ma={'ma20_gt_50': True, 'ma50_gt_200': True, 'px_gt_ma50': False} ; ER=0.621 ; score=-0.148 ; pro=['slope', 'eff'] ; con=['ma'] ; agreement=0.0 ; bars=301 ; atr%=0.0425"
بگيلان,W,2025-12-08,classified,down,0.827,-0.7406,1.0,66,0.068,LL+LH,0.133,structure|slope|ma|eff,,"structure=LL+LH ; slopeZ={'slope20': -0.0275, 'slope50': -0.0521} ; ma={'ma20_gt_50': False, 'ma50_gt_200': False, 'px_gt_ma50': False} ; ER=0.133 ; score=-0.741 ; pro=['structure', 'slope', 'ma', 'eff'] ; con=[] ; agreement=1.0 ; bars=66 ; atr%=0.068"
بگيلان,D,2026-07-15,classified,up,0.846,0.8252,1.0,391,0.0383,HH+HL,0.232,structure|slope|ma|eff,,"structure=HH+HL ; slopeZ={'slope20': 0.0927, 'slope50': 0.2091, 'slope120': 0.0752} ; ma={'ma20_gt_50': True, 'ma50_gt_200': True, 'px_gt_ma50': True} ; ER=0.232 ; score=0.825 ; pro=['structure', 'slope', 'ma', 'eff'] ; con=[] ; agreement=1.0 ; bars=391 ; atr%=0.0383"
بگيلان,W,2026-07-15,classified,up,0.862,0.8524,1.0,86,0.0767,HH+HL,0.312,structure|slope|ma|eff,,"structure=HH+HL ; slopeZ={'slope20': 0.3165, 'slope50': 0.1006} ; ma={'ma20_gt_50': True, 'ma50_gt_200': False, 'px_gt_ma50': True} ; ER=0.312 ; score=0.852 ; pro=['structure', 'slope', 'ma', 'eff'] ; con=[] ; agreement=1.0 ; bars=86 ; atr%=0.0767"
بگيلان,D,2026-10-07,classified,up,0.742,0.4691,1.0,450,0.0409,flat,0.035,slope|ma,eff,"structure=flat ; slopeZ={'slope20': 0.0189, 'slope50': 0.1084, 'slope120': 0.1133} ; ma={'ma20_gt_50': True, 'ma50_gt_200': True, 'px_gt_ma50': True} ; ER=0.035 ; score=0.469 ; pro=['slope', 'ma'] ; con=['eff'] ; agreement=1.0 ; bars=450 ; atr%=0.0409"
بگيلان,W,2026-10-07,classified,up,0.859,0.8551,1.0,98,0.0929,HH+HL,0.294,structure|slope|ma|eff,,"structure=HH+HL ; slopeZ={'slope20': 0.3679, 'slope50': 0.1675} ; ma={'ma20_gt_50': True, 'ma50_gt_200': False, 'px_gt_ma50': True} ; ER=0.294 ; score=0.855 ; pro=['structure', 'slope', 'ma', 'eff'] ; con=[] ; agreement=1.0 ; bars=98 ; atr%=0.0929"
تابا,D,2025-09-28,classified,down,1.0,-0.6271,1.0,188,0.0341,flat,1.0,slope|ma|eff,,"structure=flat ; slopeZ={'slope20': -0.2402, 'slope50': -0.1069, 'slope120': -0.0318} ; ma={'ma20_gt_50': False, 'ma50_gt_200': False, 'px_gt_ma50': False} ; ER=1.0 ; score=-0.627 ; pro=['slope', 'ma', 'eff'] ; con=[] ; agreement=1.0 ; bars=188 ; atr%=0.0341"
تابا,W,2025-09-28,classified,down,0.834,-0.603,1.0,50,0.0578,LL+LH,0.17,structure|slope|eff,,"structure=LL+LH ; slopeZ={'slope20': -0.2388} ; ma={'ma20_gt_50': True, 'ma50_gt_200': False, 'px_gt_ma50': False} ; ER=0.17 ; score=-0.603 ; pro=['structure', 'slope', 'eff'] ; con=[] ; agreement=1.0 ; bars=50 ; atr%=0.0578"
تابا,D,2026-02-10,classified,up,0.864,0.8494,1.0,278,0.0328,HH+HL,0.32,structure|slope|ma|eff,,"structure=HH+HL ; slopeZ={'slope20': 0.4598, 'slope50': 0.3737, 'slope120': 0.0842} ; ma={'ma20_gt_50': True, 'ma50_gt_200': True, 'px_gt_ma50': True} ; ER=0.32 ; score=0.849 ; pro=['structure', 'slope', 'ma', 'eff'] ; con=[] ; agreement=1.0 ; bars=278 ; atr%=0.0328"
تابا,W,2026-02-10,classified,up,0.842,0.607,1.0,69,0.0847,HH+HL,0.208,structure|slope|eff,,"structure=HH+HL ; slopeZ={'slope20': 0.4105, 'slope50': 0.1168} ; ma={'ma20_gt_50': False, 'ma50_gt_200': False, 'px_gt_ma50': True} ; ER=0.208 ; score=0.607 ; pro=['structure', 'slope', 'eff'] ; con=[] ; agreement=1.0 ; bars=69 ; atr%=0.0847"
تابا,D,2026-09-28,classified,up,0.866,0.8629,1.0,337,0.039,HH+HL,0.33,structure|slope|ma|eff,,"structure=HH+HL ; slopeZ={'slope20': 0.4567, 'slope50': 0.1753, 'slope120': 0.2267} ; ma={'ma20_gt_50': True, 'ma50_gt_200': True, 'px_gt_ma50': True} ; ER=0.33 ; score=0.863 ; pro=['structure', 'slope', 'ma', 'eff'] ; con=[] ; agreement=1.0 ; bars=337 ; atr%=0.039"
تابا,W,2026-09-28,classified,up,0.373,0.2749,0.333,87,0.0795,LL+LH,0.346,slope|ma|eff,structure,"structure=LL+LH ; slopeZ={'slope20': 0.2026, 'slope50': 0.1683} ; ma={'ma20_gt_50': True, 'ma50_gt_200': False, 'px_gt_ma50': True} ; ER=0.346 ; score=0.275 ; pro=['slope', 'ma', 'eff'] ; con=['structure'] ; agreement=0.33 ; bars=87 ; atr%=0.0795"
تجلي,D,2025-11-30,classified,down,0.836,-0.5621,1.0,289,0.0282,LL+LH,0.276,structure|slope|ma|eff,,"structure=LL+LH ; slopeZ={'slope20': -0.0212, 'slope50': 0.0208, 'slope120': -0.0683} ; ma={'ma20_gt_50': False, 'ma50_gt_200': False, 'px_gt_ma50': True} ; ER=0.276 ; score=-0.562 ; pro=['structure', 'slope', 'ma', 'eff'] ; con=[] ; agreement=1.0 ; bars=289 ; atr%=0.0282"
تجلي,W,2025-11-30,classified,down,0.949,-0.7898,1.0,63,0.0554,HH+LL,0.744,structure|slope|ma|eff,,"structure=HH+LL ; slopeZ={'slope20': -0.0786, 'slope50': -0.1155} ; ma={'ma20_gt_50': False, 'ma50_gt_200': False, 'px_gt_ma50': False} ; ER=0.744 ; score=-0.79 ; pro=['structure', 'slope', 'ma', 'eff'] ; con=[] ; agreement=1.0 ; bars=63 ; atr%=0.0554"
تجلي,D,2026-07-15,classified,up,0.819,0.6919,1.0,379,0.0419,HH+HL,0.093,structure|slope|ma|eff,,"structure=HH+HL ; slopeZ={'slope20': 0.0165, 'slope50': 0.0678, 'slope120': 0.0245} ; ma={'ma20_gt_50': True, 'ma50_gt_200': True, 'px_gt_ma50': True} ; ER=0.093 ; score=0.692 ; pro=['structure', 'slope', 'ma', 'eff'] ; con=[] ; agreement=1.0 ; bars=379 ; atr%=0.0419"
تجلي,W,2026-07-15,classified,neutral,0.205,-0.0225,0.333,84,0.0922,HH+LL,0.134,,,"structure=HH+LL ; slopeZ={'slope20': 0.0166, 'slope50': -0.054} ; ma={'ma20_gt_50': True, 'ma50_gt_200': False, 'px_gt_ma50': True} ; ER=0.134 ; score=-0.023 ; pro=[] ; con=[] ; agreement=0.33 ; bars=84 ; atr%=0.0922"
تجلي,D,2026-10-07,classified,up,0.806,0.5111,1.0,438,0.0422,flat,0.254,slope|ma|eff,,"structure=flat ; slopeZ={'slope20': 0.1142, 'slope50': 0.1063, 'slope120': 0.0519} ; ma={'ma20_gt_50': True, 'ma50_gt_200': True, 'px_gt_ma50': True} ; ER=0.254 ; score=0.511 ; pro=['slope', 'ma', 'eff'] ; con=[] ; agreement=1.0 ; bars=438 ; atr%=0.0422"
تجلي,W,2026-10-07,classified,up,0.819,0.8076,1.0,96,0.0857,HH+HL,0.094,structure|slope|ma|eff,,"structure=HH+HL ; slopeZ={'slope20': 0.2741, 'slope50': 0.0995} ; ma={'ma20_gt_50': True, 'ma50_gt_200': False, 'px_gt_ma50': True} ; ER=0.094 ; score=0.808 ; pro=['structure', 'slope', 'ma', 'eff'] ; con=[] ; agreement=1.0 ; bars=96 ; atr%=0.0857"
تخت گاز,D,2025-12-08,classified,up,0.841,0.6662,1.0,305,0.0314,HH+HL,0.207,structure|slope|ma|eff,,"structure=HH+HL ; slopeZ={'slope20': 0.0752, 'slope50': 0.189, 'slope120': 0.001} ; ma={'ma20_gt_50': True, 'ma50_gt_200': True, 'px_gt_ma50': True} ; ER=0.207 ; score=0.666 ; pro=['structure', 'slope', 'ma', 'eff'] ; con=[] ; agreement=1.0 ; bars=305 ; atr%=0.0314"
تخت گاز,W,2025-12-08,classified,up,0.755,0.4824,1.0,66,0.0708,HH+HL,0.067,structure|slope,eff,"structure=HH+HL ; slopeZ={'slope20': 0.137, 'slope50': 0.0373} ; ma={'ma20_gt_50': False, 'ma50_gt_200': False, 'px_gt_ma50': True} ; ER=0.067 ; score=0.482 ; pro=['structure', 'slope'] ; con=['eff'] ; agreement=1.0 ; bars=66 ; atr%=0.0708"
تخت گاز,D,2026-07-15,classified,up,0.274,0.2064,0.333,395,0.0402,LH+HL,0.023,structure|ma|eff,slope,"structure=LH+HL ; slopeZ={'slope20': -0.0507, 'slope50': -0.0243, 'slope120': 0.0096} ; ma={'ma20_gt_50': True, 'ma50_gt_200': True, 'px_gt_ma50': False} ; ER=0.023 ; score=0.206 ; pro=['structure', 'ma', 'eff'] ; con=['slope'] ; agreement=0.33 ; bars=395 ; atr%=0.0402"
تخت گاز,W,2026-07-15,classified,up,0.312,0.2407,0.333,86,0.0934,LH+HL,0.123,structure|ma|eff,slope,"structure=LH+HL ; slopeZ={'slope20': -0.0492, 'slope50': -0.0286} ; ma={'ma20_gt_50': True, 'ma50_gt_200': False, 'px_gt_ma50': True} ; ER=0.123 ; score=0.241 ; pro=['structure', 'ma', 'eff'] ; con=['slope'] ; agreement=0.33 ; bars=86 ; atr%=0.0934"
تخت گاز,D,2026-10-07,classified,up,0.309,0.2428,0.333,454,0.0419,HH+LL,0.104,slope|ma|eff,structure,"structure=HH+LL ; slopeZ={'slope20': -0.0176, 'slope50': 0.1298, 'slope120': 0.0254} ; ma={'ma20_gt_50': True, 'ma50_gt_200': True, 'px_gt_ma50': True} ; ER=0.104 ; score=0.243 ; pro=['slope', 'ma', 'eff'] ; con=['structure'] ; agreement=0.33 ; bars=454 ; atr%=0.0419"
تخت گاز,W,2026-10-07,classified,up,0.815,0.8105,1.0,98,0.0923,HH+HL,0.076,structure|slope|ma|eff,,"structure=HH+HL ; slopeZ={'slope20': 0.2952, 'slope50': 0.1665} ; ma={'ma20_gt_50': True, 'ma50_gt_200': False, 'px_gt_ma50': True} ; ER=0.076 ; score=0.811 ; pro=['structure', 'slope', 'ma', 'eff'] ; con=[] ; agreement=1.0 ; bars=98 ; atr%=0.0923"
ترنج ثابت2,D,2025-12-15,classified,down,0.614,-0.2273,1.0,286,,flat,0.0,ma,,"structure=flat ; slopeZ={} ; ma={'ma20_gt_50': False, 'ma50_gt_200': False, 'px_gt_ma50': False} ; ER=0.0 ; score=-0.227 ; pro=['ma'] ; con=[] ; agreement=1.0 ; bars=286 ; atr%=None"
ترنج ثابت2,W,2025-12-15,classified,down,0.614,-0.2273,1.0,68,,flat,0.0,ma,,"structure=flat ; slopeZ={} ; ma={'ma20_gt_50': False, 'ma50_gt_200': False, 'px_gt_ma50': False} ; ER=0.0 ; score=-0.227 ; pro=['ma'] ; con=[] ; agreement=1.0 ; bars=68 ; atr%=None"
ترنج ثابت2,D,2026-06-09,classified,down,0.614,-0.2273,1.0,376,,flat,0.0,ma,,"structure=flat ; slopeZ={} ; ma={'ma20_gt_50': False, 'ma50_gt_200': False, 'px_gt_ma50': False} ; ER=0.0 ; score=-0.227 ; pro=['ma'] ; con=[] ; agreement=1.0 ; bars=376 ; atr%=None"
ترنج ثابت2,W,2026-06-09,classified,down,0.614,-0.2273,1.0,92,,flat,0.0,ma,,"structure=flat ; slopeZ={} ; ma={'ma20_gt_50': False, 'ma50_gt_200': False, 'px_gt_ma50': False} ; ER=0.0 ; score=-0.227 ; pro=['ma'] ; con=[] ; agreement=1.0 ; bars=92 ; atr%=None"
ترنج ثابت2,D,2026-10-05,classified,down,0.614,-0.2273,1.0,435,,flat,0.0,ma,,"structure=flat ; slopeZ={} ; ma={'ma20_gt_50': False, 'ma50_gt_200': False, 'px_gt_ma50': False} ; ER=0.0 ; score=-0.227 ; pro=['ma'] ; con=[] ; agreement=1.0 ; bars=435 ; atr%=None"
ترنج ثابت2,W,2026-10-05,classified,down,0.614,-0.2273,1.0,109,,flat,0.0,ma,,"structure=flat ; slopeZ={} ; ma={'ma20_gt_50': False, 'ma50_gt_200': False, 'px_gt_ma50': False} ; ER=0.0 ; score=-0.227 ; pro=['ma'] ; con=[] ; agreement=1.0 ; bars=109 ; atr%=None"
تسه1404,D,2026-02-10,classified,down,0.401,-0.4054,0.333,192,0.0555,LL+LH,0.157,structure|ma|eff,slope,"structure=LL+LH ; slopeZ={'slope20': 0.0018, 'slope50': 0.0141, 'slope120': 0.0483} ; ma={'ma20_gt_50': False, 'ma50_gt_200': False, 'px_gt_ma50': False} ; ER=0.157 ; score=-0.405 ; pro=['structure', 'ma', 'eff'] ; con=['slope'] ; agreement=0.33 ; bars=192 ; atr%=0.0555"
تسه1404,W,2026-02-10,classified,up,0.845,0.614,1.0,41,0.1024,HH+HL,0.226,structure|slope|eff,,"structure=HH+HL ; slopeZ={'slope20': 0.1837} ; ma={'ma': 'insufficient'} ; ER=0.226 ; score=0.614 ; pro=['structure', 'slope', 'eff'] ; con=[] ; agreement=1.0 ; bars=41 ; atr%=0.1024"
تسه1404,D,2026-07-15,classified,down,0.804,-0.7149,1.0,282,0.0418,LL+LH,0.022,structure|slope|ma|eff,,"structure=LL+LH ; slopeZ={'slope20': -0.1248, 'slope50': 0.0022, 'slope120': -0.0888} ; ma={'ma20_gt_50': False, 'ma50_gt_200': False, 'px_gt_ma50': False} ; ER=0.022 ; score=-0.715 ; pro=['structure', 'slope', 'ma', 'eff'] ; con=[] ; agreement=1.0 ; bars=282 ; atr%=0.0418"
تسه1404,W,2026-07-15,classified,down,0.871,-0.7708,1.0,62,0.1204,LL+LH,0.354,structure|slope|ma|eff,,"structure=LL+LH ; slopeZ={'slope20': -0.1555, 'slope50': -0.0277} ; ma={'ma20_gt_50': False, 'ma50_gt_200': False, 'px_gt_ma50': False} ; ER=0.354 ; score=-0.771 ; pro=['structure', 'slope', 'ma', 'eff'] ; con=[] ; agreement=1.0 ; bars=62 ; atr%=0.1204"
تسه1404,D,2026-10-07,classified,up,0.904,0.7253,1.0,341,0.0412,HH+HL,0.521,structure|slope|ma|eff,,"structure=HH+HL ; slopeZ={'slope20': 0.2575, 'slope50': 0.2685, 'slope120': 0.0635} ; ma={'ma20_gt_50': True, 'ma50_gt_200': False, 'px_gt_ma50': True} ; ER=0.521 ; score=0.725 ; pro=['structure', 'slope', 'ma', 'eff'] ; con=[] ; agreement=1.0 ; bars=341 ; atr%=0.0412"
تسه1404,W,2026-10-07,classified,up,0.63,0.2387,1.0,74,0.0869,LH+HL,0.052,structure|slope|eff,,"structure=LH+HL ; slopeZ={'slope20': 0.1218, 'slope50': 0.0009} ; ma={'ma20_gt_50': False, 'ma50_gt_200': False, 'px_gt_ma50': True} ; ER=0.052 ; score=0.239 ; pro=['structure', 'slope', 'eff'] ; con=[] ; agreement=1.0 ; bars=74 ; atr%=0.0869"
تشتاد,D,2025-11-15,classified,up,0.828,0.7085,1.0,244,0.0382,HH+HL,0.14,structure|slope|ma|eff,,"structure=HH+HL ; slopeZ={'slope20': 0.003, 'slope50': 0.0725, 'slope120': 0.0294} ; ma={'ma20_gt_50': True, 'ma50_gt_200': True, 'px_gt_ma50': True} ; ER=0.14 ; score=0.708 ; pro=['structure', 'slope', 'ma', 'eff'] ; con=[] ; agreement=1.0 ; bars=244 ; atr%=0.0382"
تشتاد,W,2025-11-15,classified,up,0.848,0.7583,1.0,59,0.0666,HH+HL,0.242,structure|slope|ma|eff,,"structure=HH+HL ; slopeZ={'slope20': 0.0613, 'slope50': 0.0361} ; ma={'ma20_gt_50': True, 'ma50_gt_200': False, 'px_gt_ma50': True} ; ER=0.242 ; score=0.758 ; pro=['structure', 'slope', 'ma', 'eff'] ; con=[] ; agreement=1.0 ; bars=59 ; atr%=0.0666"
تشتاد,D,2026-07-01,classified,up,0.831,0.5004,1.0,334,0.034,LH+HL,0.406,structure|slope|ma|eff,,"structure=LH+HL ; slopeZ={'slope20': 0.5203, 'slope50': 0.0191, 'slope120': 0.056} ; ma={'ma20_gt_50': True, 'ma50_gt_200': False, 'px_gt_ma50': True} ; ER=0.406 ; score=0.5 ; pro=['structure', 'slope', 'ma', 'eff'] ; con=[] ; agreement=1.0 ; bars=334 ; atr%=0.034"
تشتاد,W,2026-07-01,classified,up,0.38,0.3577,0.333,79,0.0771,HH+LL,0.174,slope|ma|eff,structure,"structure=HH+LL ; slopeZ={'slope20': 0.0797, 'slope50': 0.0682} ; ma={'ma20_gt_50': True, 'ma50_gt_200': False, 'px_gt_ma50': True} ; ER=0.174 ; score=0.358 ; pro=['slope', 'ma', 'eff'] ; con=['structure'] ; agreement=0.33 ; bars=79 ; atr%=0.0771"
تشتاد,D,2026-10-07,classified,up,0.863,0.5413,1.0,393,0.0436,flat,0.464,slope|ma|eff,,"structure=flat ; slopeZ={'slope20': 0.3252, 'slope50': 0.2625, 'slope120': 0.0423} ; ma={'ma20_gt_50': True, 'ma50_gt_200': True, 'px_gt_ma50': True} ; ER=0.464 ; score=0.541 ; pro=['slope', 'ma', 'eff'] ; con=[] ; agreement=1.0 ; bars=393 ; atr%=0.0436"
تشتاد,W,2026-10-07,classified,up,0.823,0.6703,1.0,93,0.0792,LH+HL,0.117,structure|slope|ma|eff,,"structure=LH+HL ; slopeZ={'slope20': 0.4898, 'slope50': 0.1414} ; ma={'ma20_gt_50': True, 'ma50_gt_200': False, 'px_gt_ma50': True} ; ER=0.117 ; score=0.67 ; pro=['structure', 'slope', 'ma', 'eff'] ; con=[] ; agreement=1.0 ; bars=93 ; atr%=0.0792"
تكيميا,D,2025-11-22,classified,down,0.274,-0.1647,0.333,223,0.0321,HH+LL,0.123,structure|slope,ma|eff,"structure=HH+LL ; slopeZ={'slope20': -0.1065, 'slope50': 0.0713, 'slope120': -0.0719} ; ma={'ma20_gt_50': True, 'ma50_gt_200': False, 'px_gt_ma50': True} ; ER=0.123 ; score=-0.165 ; pro=['structure', 'slope'] ; con=['ma', 'eff'] ; agreement=0.33 ; bars=223 ; atr%=0.0321"
تكيميا,W,2025-11-22,classified,down,0.882,-0.7088,1.0,50,0.0604,HH+LL,0.409,structure|slope|ma|eff,,"structure=HH+LL ; slopeZ={'slope20': -0.0785} ; ma={'ma20_gt_50': False, 'ma50_gt_200': False, 'px_gt_ma50': False} ; ER=0.409 ; score=-0.709 ; pro=['structure', 'slope', 'ma', 'eff'] ; con=[] ; agreement=1.0 ; bars=50 ; atr%=0.0604"
تكيميا,D,2026-07-08,classified,up,0.372,0.2717,0.333,313,0.0377,LL+LH,0.348,slope|ma|eff,structure,"structure=LL+LH ; slopeZ={'slope20': 0.6794, 'slope50': 0.1154, 'slope120': 0.1211} ; ma={'ma20_gt_50': True, 'ma50_gt_200': True, 'px_gt_ma50': True} ; ER=0.348 ; score=0.272 ; pro=['slope', 'ma', 'eff'] ; con=['structure'] ; agreement=0.33 ; bars=313 ; atr%=0.0377"
تكيميا,W,2026-07-08,classified,neutral,0.255,0.0599,0.333,70,0.0796,LL+LH,0.292,,,"structure=LL+LH ; slopeZ={'slope20': 0.2674, 'slope50': -0.0025} ; ma={'ma20_gt_50': True, 'ma50_gt_200': False, 'px_gt_ma50': True} ; ER=0.292 ; score=0.06 ; pro=[] ; con=[] ; agreement=0.33 ; bars=70 ; atr%=0.0796"
تكيميا,D,2026-10-07,classified,up,0.628,0.2219,1.0,372,0.0613,flat,0.083,slope|ma,eff,"structure=flat ; slopeZ={'slope20': -0.0742, 'slope50': 0.0368, 'slope120': 0.0605} ; ma={'ma20_gt_50': True, 'ma50_gt_200': True, 'px_gt_ma50': False} ; ER=0.083 ; score=0.222 ; pro=['slope', 'ma'] ; con=['eff'] ; agreement=1.0 ; bars=372 ; atr%=0.0613"
تكيميا,W,2026-10-07,classified,up,0.834,0.8227,1.0,82,0.1166,HH+HL,0.169,structure|slope|ma|eff,,"structure=HH+HL ; slopeZ={'slope20': 0.2026, 'slope50': 0.099} ; ma={'ma20_gt_50': True, 'ma50_gt_200': False, 'px_gt_ma50': True} ; ER=0.169 ; score=0.823 ; pro=['structure', 'slope', 'ma', 'eff'] ; con=[] ; agreement=1.0 ; bars=82 ; atr%=0.1166"
تكپاد,D,2025-12-08,classified,up,0.901,0.8885,1.0,303,0.0136,HH+HL,0.505,structure|slope|ma|eff,,"structure=HH+HL ; slopeZ={'slope20': 0.4342, 'slope50': 0.4178, 'slope120': 0.0873} ; ma={'ma20_gt_50': True, 'ma50_gt_200': True, 'px_gt_ma50': True} ; ER=0.505 ; score=0.888 ; pro=['structure', 'slope', 'ma', 'eff'] ; con=[] ; agreement=1.0 ; bars=303 ; atr%=0.0136"
تكپاد,W,2025-12-08,classified,up,0.832,0.8283,1.0,66,0.0352,HH+HL,0.16,structure|slope|ma|eff,,"structure=HH+HL ; slopeZ={'slope20': 0.4101, 'slope50': 0.2528} ; ma={'ma20_gt_50': True, 'ma50_gt_200': False, 'px_gt_ma50': True} ; ER=0.16 ; score=0.828 ; pro=['structure', 'slope', 'ma', 'eff'] ; con=[] ; agreement=1.0 ; bars=66 ; atr%=0.0352"
تكپاد,D,2026-07-15,classified,up,0.464,0.434,0.333,393,0.0286,HH+LL,0.403,slope|ma|eff,structure,"structure=HH+LL ; slopeZ={'slope20': 0.1822, 'slope50': 0.1633, 'slope120': 0.1654} ; ma={'ma20_gt_50': True, 'ma50_gt_200': True, 'px_gt_ma50': True} ; ER=0.403 ; score=0.434 ; pro=['slope', 'ma', 'eff'] ; con=['structure'] ; agreement=0.33 ; bars=393 ; atr%=0.0286"
تكپاد,W,2026-07-15,classified,up,0.886,0.8825,1.0,86,0.0677,HH+HL,0.428,structure|slope|ma|eff,,"structure=HH+HL ; slopeZ={'slope20': 0.2828, 'slope50': 0.1692} ; ma={'ma20_gt_50': True, 'ma50_gt_200': False, 'px_gt_ma50': True} ; ER=0.428 ; score=0.882 ; pro=['structure', 'slope', 'ma', 'eff'] ; con=[] ; agreement=1.0 ; bars=86 ; atr%=0.0677"
تكپاد,D,2026-10-07,classified,up,0.889,0.8863,1.0,452,0.0279,HH+HL,0.444,structure|slope|ma|eff,,"structure=HH+HL ; slopeZ={'slope20': 0.222, 'slope50': 0.3059, 'slope120': 0.2505} ; ma={'ma20_gt_50': True, 'ma50_gt_200': True, 'px_gt_ma50': True} ; ER=0.444 ; score=0.886 ; pro=['structure', 'slope', 'ma', 'eff'] ; con=[] ; agreement=1.0 ; bars=452 ; atr%=0.0279"
تكپاد,W,2026-10-07,classified,up,0.901,0.8984,1.0,98,0.0615,HH+HL,0.503,structure|slope|ma|eff,,"structure=HH+HL ; slopeZ={'slope20': 1.03, 'slope50': 0.6536} ; ma={'ma20_gt_50': True, 'ma50_gt_200': False, 'px_gt_ma50': True} ; ER=0.503 ; score=0.898 ; pro=['structure', 'slope', 'ma', 'eff'] ; con=[] ; agreement=1.0 ; bars=98 ; atr%=0.0615"
