symbol,source,as_of,bars_d,bars_w,daily_trend,daily_basis,daily_hh,daily_hl,daily_struct,daily_last_high,daily_last_high_time,daily_last_low,daily_last_low_time,weekly_trend,weekly_hh,weekly_hl,weekly_last_high,weekly_last_low,daily_weekly_agree,trend_vs_own_structure,ambiguous_reason,classification,human_verdict
آتيمس,board,2025-12-08,297,66,up,recent-window,,,کم‌داده,,,,,up,True,True,471700.0,376649.0,yes,n/a,insufficient-data (کم‌داده),insufficient-data (کم‌داده),
آتيمس,board,2026-07-15,387,86,up,pivots,True,True,HH+HL,778009.0,2026-07-11,673930.0,2026-06-21,up,,,,,yes,match,,match,
آتيمس,board,2026-10-07,446,98,up,pivots,False,True,mixed,1109364.0,2026-10-03,975507.0,2026-09-22,up,,,,,yes,n/a,structure-mixed (یک بُعد سازگار),structure-mixed (یک بُعد سازگار),
آواك,board,2025-11-12,199,44,up,pivots,True,True,HH+HL,7410.0,2025-10-28,7100.0,2025-11-02,range,,,,,no,match,,match,
آواك,board,2026-06-27,289,65,down,pivots,False,False,LH+LL,2349.0,2026-06-20,2193.0,2026-06-17,up,True,True,8900.0,2193.0,no,match,,match,
آواك,board,2026-10-07,348,79,down,pivots,False,False,LH+LL,2791.0,2026-10-03,2612.0,2026-09-28,up,True,False,3226.0,1965.0,no,match,,match,
آگاس2,board,2025-09-15,214,54,range,pivots,False,False,LH+LL,1.0,2025-09-08,1.0,2025-09-08,range,False,False,1.0,1.0,yes,n/a,,NEEDS-OWNER,
آگاس2,board,2026-06-07,304,80,range,pivots,False,False,LH+LL,1.0,2026-06-01,1.0,2026-06-01,range,False,False,1.0,1.0,yes,n/a,,NEEDS-OWNER,
آگاس2,board,2026-10-07,363,97,range,pivots,False,False,LH+LL,1.0,2026-10-03,1.0,2026-10-03,range,False,False,1.0,1.0,yes,n/a,,NEEDS-OWNER,
ابتكار,board,2025-12-08,203,45,up,pivots,True,True,HH+HL,11310.0,2025-11-08,11203.0,2025-11-30,up,,,,,yes,match,,match,
ابتكار,board,2026-07-15,293,65,up,pivots,True,False,mixed,18435.0,2026-07-08,16022.0,2026-06-29,up,True,True,15165.0,11218.0,yes,n/a,structure-mixed (یک بُعد سازگار),structure-mixed (یک بُعد سازگار),
ابتكار,board,2026-10-07,352,77,up,pivots,False,True,mixed,27605.0,2026-10-03,23962.0,2026-09-22,up,True,True,28027.0,16070.0,yes,n/a,structure-mixed (یک بُعد سازگار),structure-mixed (یک بُعد سازگار),
اخزا210,board,2026-02-10,351,76,down,pivots,False,False,LH+LL,730220.0,2026-01-31,710100.0,2026-01-28,up,False,True,693000.0,710100.0,no,match,,match,
اخزا210,board,2026-07-14,441,96,up,recent-window,,,کم‌داده,,,,,up,True,True,804970.0,768000.0,yes,n/a,insufficient-data (کم‌داده),insufficient-data (کم‌داده),
اخزا210,board,2026-10-07,500,108,up,recent-window,,,کم‌داده,,,,,up,True,True,804970.0,840010.0,yes,n/a,insufficient-data (کم‌داده),insufficient-data (کم‌داده),
اخزا212,board,2026-02-14,354,77,up,pivots,False,False,LH+LL,767150.0,2026-02-01,750000.0,2026-02-03,up,,,,,yes,INCONSISTENT(up vs down),,MISMATCH,
اخزا212,board,2026-07-15,444,97,down,pivots,True,False,mixed,880000.0,2026-07-11,848020.0,2026-07-11,up,,,,,no,n/a,structure-mixed (یک بُعد سازگار),structure-mixed (یک بُعد سازگار),
اخزا212,board,2026-10-07,503,109,up,pivots,True,True,HH+HL,944980.0,2026-09-28,927900.0,2026-09-27,up,True,True,814950.0,899020.0,yes,match,,match,
اخزا213,board,2026-02-08,351,76,down,pivots,False,False,LH+LL,746850.0,2026-02-01,721900.0,2026-01-31,up,True,True,705890.0,688680.0,no,match,,match,
اخزا213,board,2026-07-13,441,96,up,pivots,True,True,HH+HL,853930.0,2026-07-07,825010.0,2026-06-20,up,,,,,yes,match,,match,
اخزا213,board,2026-10-07,500,108,up,pivots,True,True,HH+HL,890000.0,2026-08-22,897270.0,2026-09-28,up,,,,,yes,match,,match,
اخشان,board,2025-11-23,183,42,down,pivots,True,False,mixed,12080.0,2025-11-12,10870.0,2025-11-18,up,True,True,12080.0,6650.0,no,n/a,structure-mixed (یک بُعد سازگار),structure-mixed (یک بُعد سازگار),
اخشان,board,2026-06-30,273,62,up,pivots,True,False,mixed,15460.0,2026-06-21,9730.0,2026-02-23,up,True,False,11030.0,9730.0,yes,n/a,structure-mixed (یک بُعد سازگار),structure-mixed (یک بُعد سازگار),
اخشان,board,2026-10-07,332,76,up,pivots,False,False,LH+LL,17590.0,2026-09-29,16110.0,2026-09-26,up,False,True,18900.0,12900.0,yes,INCONSISTENT(up vs down),,MISMATCH,
اردستان,board,2025-12-02,295,65,down,pivots,True,False,mixed,23990.0,2025-11-25,21440.0,2025-11-12,down,True,False,25110.0,21440.0,yes,n/a,structure-mixed (یک بُعد سازگار),structure-mixed (یک بُعد سازگار),
اردستان,board,2026-07-15,385,86,up,pivots,True,True,HH+HL,35330.0,2026-06-16,28050.0,2026-06-29,up,True,False,35330.0,20050.0,yes,match,,match,
اردستان,board,2026-10-07,444,98,up,recent-window,,,کم‌داده,,,,,up,True,True,33470.0,23470.0,yes,n/a,insufficient-data (کم‌داده),insufficient-data (کم‌داده),
ارفع,board,2025-11-15,280,63,up,pivots,True,True,HH+HL,14330.0,2025-11-04,13590.0,2025-11-10,down,False,True,18440.0,9800.0,no,match,,match,
ارفع,board,2026-07-08,370,84,down,recent-window,,,کم‌داده,,,,,down,True,False,19550.0,7850.0,yes,n/a,insufficient-data (کم‌داده),insufficient-data (کم‌داده),
ارفع,board,2026-10-07,429,96,up,pivots,False,True,mixed,15740.0,2026-10-03,13710.0,2026-09-27,down,False,True,14400.0,10510.0,no,n/a,structure-mixed (یک بُعد سازگار),structure-mixed (یک بُعد سازگار),
استقلال,board,2025-11-05,178,45,up,pivots,False,False,LH+LL,1317.0,2025-10-29,1114.0,2025-10-11,down,False,False,1347.0,1114.0,no,INCONSISTENT(up vs down),,MISMATCH,
استقلال,board,2026-06-27,268,65,up,pivots,True,True,HH+HL,1087.0,2026-06-16,1011.0,2026-06-21,down,False,False,1087.0,1001.0,no,match,,match,
استقلال,board,2026-10-07,327,77,up,recent-window,,,کم‌داده,,,,,range,,,,,no,n/a,insufficient-data (کم‌داده),insufficient-data (کم‌داده),
اصيل2,board,2026-01-26,306,71,range,pivots,False,False,LH+LL,1.0,2026-01-21,1.0,2026-01-21,range,False,False,1.0,1.0,yes,n/a,,NEEDS-OWNER,
اصيل2,board,2026-07-12,396,93,range,pivots,False,False,LH+LL,1.0,2026-07-07,1.0,2026-07-07,range,False,False,1.0,1.0,yes,n/a,,NEEDS-OWNER,
اصيل2,board,2026-10-05,455,105,range,pivots,False,False,LH+LL,1.0,2026-09-30,1.0,2026-09-30,range,False,False,1.0,1.0,yes,n/a,,NEEDS-OWNER,
اطلس,board,2025-12-08,305,66,up,pivots,True,True,HH+HL,75675.0,2025-11-25,73100.0,2025-11-30,up,True,True,73480.0,56352.0,yes,match,,match,
اطلس,board,2026-07-15,395,86,up,pivots,True,False,mixed,128499.0,2026-07-08,112511.0,2026-06-29,up,True,False,97547.0,78135.0,yes,n/a,structure-mixed (یک بُعد سازگار),structure-mixed (یک بُعد سازگار),
اطلس,board,2026-10-07,454,98,up,pivots,False,True,mixed,177869.0,2026-10-03,152887.0,2026-09-26,up,,,,,yes,n/a,structure-mixed (یک بُعد سازگار),structure-mixed (یک بُعد سازگار),
اطمينان,board,2026-02-14,316,69,up,recent-window,,,کم‌داده,,,,,up,,,,,yes,n/a,insufficient-data (کم‌داده),insufficient-data (کم‌داده),
اطمينان,board,2026-07-15,406,89,up,recent-window,,,کم‌داده,,,,,up,,,,,yes,n/a,insufficient-data (کم‌داده),insufficient-data (کم‌داده),
اطمينان,board,2026-10-07,465,101,up,recent-window,,,کم‌داده,,,,,up,,,,,yes,n/a,insufficient-data (کم‌داده),insufficient-data (کم‌داده),
اعتماد,board,2026-02-15,355,77,up,recent-window,,,کم‌داده,,,,,up,,,,,yes,n/a,insufficient-data (کم‌داده),insufficient-data (کم‌داده),
اعتماد,board,2026-07-15,445,97,up,recent-window,,,کم‌داده,,,,,up,,,,,yes,n/a,insufficient-data (کم‌داده),insufficient-data (کم‌داده),
اعتماد,board,2026-10-07,504,109,up,recent-window,,,کم‌داده,,,,,up,,,,,yes,n/a,insufficient-data (کم‌داده),insufficient-data (کم‌داده),
افرا,board,2025-11-18,273,61,down,pivots,False,True,mixed,5000.0,2025-11-10,4615.0,2025-11-15,up,False,False,5290.0,4140.0,no,n/a,structure-mixed (یک بُعد سازگار),structure-mixed (یک بُعد سازگار),
افرا,board,2026-07-13,363,84,up,pivots,False,True,mixed,12530.0,2026-07-01,11570.0,2026-06-29,up,True,True,13740.0,5690.0,yes,n/a,structure-mixed (یک بُعد سازگار),structure-mixed (یک بُعد سازگار),
افرا,board,2026-10-07,422,96,down,pivots,False,False,LH+LL,9400.0,2026-10-03,8320.0,2026-09-26,up,True,True,13910.0,10030.0,no,match,,match,
اكسيژن,board,2025-12-08,287,66,up,pivots,True,True,HH+HL,21890.0,2025-11-03,21300.0,2025-12-01,up,True,True,21890.0,20400.0,yes,match,,match,
اكسيژن,board,2026-07-15,377,86,up,pivots,True,True,HH+HL,32340.0,2026-07-08,29700.0,2026-06-28,up,True,True,28500.0,22205.0,yes,match,,match,
اكسيژن,board,2026-10-07,436,98,up,recent-window,,,کم‌داده,,,,,up,,,,,yes,n/a,insufficient-data (کم‌داده),insufficient-data (کم‌داده),
البرز,board,2025-11-19,283,61,up,pivots,True,True,HH+HL,2379.0,2025-11-15,2168.0,2025-11-04,up,False,True,2288.0,1987.0,yes,match,,match,
البرز,board,2026-06-30,373,82,down,pivots,False,False,LH+LL,2329.0,2026-06-27,2106.0,2026-06-21,up,False,True,2463.0,2000.0,no,match,,match,
البرز,board,2026-10-07,432,96,up,recent-window,,,کم‌داده,,,,,up,,,,,yes,n/a,insufficient-data (کم‌داده),insufficient-data (کم‌داده),
الماس,board,2025-12-06,293,66,up,recent-window,,,کم‌داده,,,,,up,True,True,23666.0,22519.0,yes,n/a,insufficient-data (کم‌داده),insufficient-data (کم‌داده),
الماس,board,2026-07-13,383,86,up,pivots,False,True,mixed,37590.0,2026-07-07,35465.0,2026-06-29,up,True,True,39373.0,24772.0,yes,n/a,structure-mixed (یک بُعد سازگار),structure-mixed (یک بُعد سازگار),
الماس,board,2026-10-07,442,98,up,pivots,False,True,mixed,55293.0,2026-10-03,47939.0,2026-09-22,up,,,,,yes,n/a,structure-mixed (یک بُعد سازگار),structure-mixed (یک بُعد سازگار),
امين شهر,board,2025-12-01,287,65,up,recent-window,,,کم‌داده,,,,,up,True,True,15874.0,14208.0,yes,n/a,insufficient-data (کم‌داده),insufficient-data (کم‌داده),
امين شهر,board,2026-07-15,377,84,up,pivots,True,False,mixed,19965.0,2026-07-12,18431.0,2026-06-17,up,False,True,19700.0,16000.0,yes,n/a,structure-mixed (یک بُعد سازگار),structure-mixed (یک بُعد سازگار),
امين شهر,board,2026-10-07,436,96,up,pivots,True,False,mixed,21170.0,2026-10-04,20463.0,2026-09-22,up,True,True,21291.0,16000.0,yes,n/a,structure-mixed (یک بُعد سازگار),structure-mixed (یک بُعد سازگار),
اپال,board,2025-11-30,295,65,up,pivots,False,True,mixed,10400.0,2025-11-18,9700.0,2025-11-10,up,True,False,10930.0,8900.0,yes,n/a,structure-mixed (یک بُعد سازگار),structure-mixed (یک بُعد سازگار),
اپال,board,2026-07-12,385,85,up,pivots,True,True,HH+HL,10510.0,2026-06-16,9750.0,2026-06-29,down,True,False,13600.0,8700.0,no,match,,match,
اپال,board,2026-10-07,444,97,down,pivots,False,False,LH+LL,14660.0,2026-09-30,13270.0,2026-09-27,up,True,True,16600.0,9410.0,no,match,,match,
اپرداز,board,2025-12-01,291,65,up,pivots,True,True,HH+HL,3199.0,2025-11-18,2918.0,2025-11-23,down,False,True,3253.0,2820.0,no,match,,match,
اپرداز,board,2026-07-08,381,85,up,pivots,True,True,HH+HL,4514.0,2026-06-16,3750.0,2026-06-29,up,True,False,4514.0,2623.0,yes,match,,match,
اپرداز,board,2026-10-07,440,98,up,pivots,False,True,mixed,5240.0,2026-09-29,4660.0,2026-10-04,up,True,True,6040.0,4240.0,yes,n/a,structure-mixed (یک بُعد سازگار),structure-mixed (یک بُعد سازگار),
باران,board,2025-11-17,259,62,up,pivots,True,True,HH+HL,1724.0,2025-11-08,1507.0,2025-11-12,up,True,True,1662.0,1499.0,yes,match,,match,
باران,board,2026-06-22,349,82,up,pivots,True,False,mixed,2138.0,2026-06-16,1332.0,2026-02-23,down,False,False,1586.0,1332.0,no,n/a,structure-mixed (یک بُعد سازگار),structure-mixed (یک بُعد سازگار),
باران,board,2026-10-07,408,96,down,pivots,False,False,LH+LL,3090.0,2026-09-22,2250.0,2026-10-03,up,True,True,3223.0,2338.0,no,match,,match,
بخاور,board,2025-11-25,280,62,up,pivots,False,False,LH+LL,4259.0,2025-11-18,4063.0,2025-11-12,up,True,True,4415.0,4060.0,yes,INCONSISTENT(up vs down),,MISMATCH,
بخاور,board,2026-07-07,370,82,up,recent-window,,,کم‌داده,,,,,down,False,False,4825.0,3701.0,no,n/a,insufficient-data (کم‌داده),insufficient-data (کم‌داده),
بخاور,board,2026-10-07,429,95,up,recent-window,,,کم‌داده,,,,,up,True,True,6760.0,5980.0,yes,n/a,insufficient-data (کم‌داده),insufficient-data (کم‌داده),
بساما,board,2025-11-30,290,64,up,pivots,False,True,mixed,10440.0,2025-11-22,9900.0,2025-11-19,up,True,False,10680.0,7570.0,yes,n/a,structure-mixed (یک بُعد سازگار),structure-mixed (یک بُعد سازگار),
بساما,board,2026-07-11,380,85,down,pivots,False,False,LH+LL,11520.0,2026-06-16,9920.0,2026-06-23,down,True,False,11560.0,9920.0,yes,match,,match,
بساما,board,2026-10-07,439,97,up,pivots,False,True,mixed,15320.0,2026-10-04,14590.0,2026-09-29,up,True,True,12900.0,11090.0,yes,n/a,structure-mixed (یک بُعد سازگار),structure-mixed (یک بُعد سازگار),
بكابل,board,2025-12-01,292,65,up,pivots,True,False,mixed,6390.0,2025-11-09,5910.0,2025-11-18,up,True,True,6390.0,4295.0,yes,n/a,structure-mixed (یک بُعد سازگار),structure-mixed (یک بُعد سازگار),
بكابل,board,2026-07-15,382,85,down,pivots,False,True,mixed,5300.0,2026-07-01,4580.0,2026-06-23,up,True,True,8450.0,4412.0,no,n/a,structure-mixed (یک بُعد سازگار),structure-mixed (یک بُعد سازگار),
بكابل,board,2026-10-07,441,97,down,pivots,False,False,LH+LL,5950.0,2026-09-29,5440.0,2026-09-26,up,True,True,6470.0,5500.0,no,match,,match,
بموتو,board,2025-11-30,288,64,up,pivots,False,True,mixed,1899.0,2025-11-22,1810.0,2025-11-25,up,True,False,1934.0,1572.0,yes,n/a,structure-mixed (یک بُعد سازگار),structure-mixed (یک بُعد سازگار),
بموتو,board,2026-07-15,378,85,up,pivots,True,False,mixed,2611.0,2026-07-08,2339.0,2026-06-30,up,True,True,2711.0,1880.0,yes,n/a,structure-mixed (یک بُعد سازگار),structure-mixed (یک بُعد سازگار),
بموتو,board,2026-10-07,437,97,up,recent-window,,,کم‌داده,,,,,up,True,True,3890.0,2230.0,yes,n/a,insufficient-data (کم‌داده),insufficient-data (کم‌داده),
بمولد,board,2025-12-06,297,65,up,recent-window,,,کم‌داده,,,,,up,True,True,5560.0,5150.0,yes,n/a,insufficient-data (کم‌داده),insufficient-data (کم‌داده),
بمولد,board,2026-07-15,387,84,up,recent-window,,,کم‌داده,,,,,down,False,False,5790.0,4580.0,no,n/a,insufficient-data (کم‌داده),insufficient-data (کم‌داده),
بمولد,board,2026-10-07,446,96,down,pivots,False,False,LH+LL,9280.0,2026-09-29,8090.0,2026-09-22,up,True,True,10180.0,8090.0,no,match,,match,
بنو,board,2025-11-23,278,61,up,pivots,True,True,HH+HL,1545.0,2025-11-02,1350.0,2025-11-12,up,True,True,1545.0,1350.0,yes,match,,match,
بنو,board,2026-07-14,368,83,up,pivots,False,True,mixed,1675.0,2026-07-11,1431.0,2026-06-29,down,False,True,1712.0,1431.0,no,n/a,structure-mixed (یک بُعد سازگار),structure-mixed (یک بُعد سازگار),
بنو,board,2026-10-07,427,95,down,pivots,False,False,LH+LL,2114.0,2026-10-03,1832.0,2026-09-22,up,True,True,2190.0,1832.0,no,match,,match,
بهير,board,2025-11-26,260,59,down,pivots,False,True,mixed,3168.0,2025-09-08,3338.0,2025-11-18,down,False,False,4030.0,2961.0,yes,n/a,structure-mixed (یک بُعد سازگار),structure-mixed (یک بُعد سازگار),
بهير,board,2026-07-11,350,81,up,pivots,True,True,HH+HL,3788.0,2026-06-16,3370.0,2026-07-01,down,False,True,3788.0,3370.0,no,match,,match,
بهير,board,2026-10-07,409,93,up,recent-window,,,کم‌داده,,,,,up,,,,,yes,n/a,insufficient-data (کم‌داده),insufficient-data (کم‌داده),
بيوتيك,board,2025-11-30,297,65,down,pivots,False,False,LH+LL,28050.0,2025-11-25,26200.0,2025-11-10,down,True,False,32500.0,26200.0,yes,match,,match,
بيوتيك,board,2026-07-14,387,85,down,pivots,False,False,LH+LL,15800.0,2026-07-01,13860.0,2026-06-27,down,False,False,16920.0,13200.0,yes,match,,match,
بيوتيك,board,2026-10-07,446,97,up,pivots,False,True,mixed,35970.0,2026-09-19,29640.0,2026-10-04,up,True,True,38640.0,13860.0,yes,n/a,structure-mixed (یک بُعد سازگار),structure-mixed (یک بُعد سازگار),
بگيلان,board,2025-12-08,301,66,up,pivots,False,False,LH+LL,16150.0,2025-12-01,15300.0,2025-11-22,down,False,False,16200.0,13630.0,no,INCONSISTENT(up vs down),,MISMATCH,
بگيلان,board,2026-07-15,391,86,up,pivots,True,True,HH+HL,23760.0,2026-07-08,18950.0,2026-06-22,up,True,True,17390.0,14700.0,yes,match,,match,
بگيلان,board,2026-10-07,450,98,up,pivots,False,True,mixed,28000.0,2026-10-03,24820.0,2026-09-27,up,True,True,28390.0,23810.0,yes,n/a,structure-mixed (یک بُعد سازگار),structure-mixed (یک بُعد سازگار),
تابا,board,2025-09-28,188,50,down,recent-window,,,کم‌داده,,,,,range,,,,,no,n/a,insufficient-data (کم‌داده),insufficient-data (کم‌داده),
تابا,board,2026-02-10,278,69,up,pivots,True,True,HH+HL,34900.0,2026-01-24,29700.0,2026-02-03,up,True,True,34900.0,25050.0,yes,match,,match,
تابا,board,2026-09-28,337,87,up,pivots,True,True,HH+HL,45410.0,2026-09-19,40880.0,2026-09-21,up,False,False,35550.0,31080.0,yes,match,,match,
تجلي,board,2025-11-30,289,63,down,pivots,False,False,LH+LL,1400.0,2025-11-15,1341.0,2025-11-18,up,True,False,1486.0,1300.0,no,match,,match,
تجلي,board,2026-07-15,379,84,up,pivots,True,True,HH+HL,1933.0,2026-07-08,1705.0,2026-06-29,range,,,,,no,match,,match,
تجلي,board,2026-10-07,438,96,up,pivots,False,True,mixed,2146.0,2026-10-03,1986.0,2026-09-26,up,True,True,2194.0,1477.0,yes,n/a,structure-mixed (یک بُعد سازگار),structure-mixed (یک بُعد سازگار),
تخت گاز,board,2025-12-08,305,66,up,pivots,True,True,HH+HL,10989.0,2025-11-26,10235.0,2025-11-30,up,True,True,10898.0,7795.0,yes,match,,match,
تخت گاز,board,2026-07-15,395,86,up,pivots,False,True,mixed,11866.0,2026-07-08,10553.0,2026-06-29,up,False,True,12044.0,9106.0,yes,n/a,structure-mixed (یک بُعد سازگار),structure-mixed (یک بُعد سازگار),
تخت گاز,board,2026-10-07,454,98,down,pivots,True,False,mixed,14968.0,2026-09-13,11723.0,2026-09-27,up,True,True,14968.0,9663.0,no,n/a,structure-mixed (یک بُعد سازگار),structure-mixed (یک بُعد سازگار),
ترنج ثابت2,board,2025-12-15,286,68,range,pivots,False,False,LH+LL,1.0,2025-12-09,1.0,2025-12-09,range,False,False,1.0,1.0,yes,n/a,,NEEDS-OWNER,
ترنج ثابت2,board,2026-06-09,376,92,range,pivots,False,False,LH+LL,1.0,2026-06-06,1.0,2026-06-06,range,False,False,1.0,1.0,yes,n/a,,NEEDS-OWNER,
ترنج ثابت2,board,2026-10-05,435,109,range,pivots,False,False,LH+LL,1.0,2026-09-29,1.0,2026-09-29,range,False,False,1.0,1.0,yes,n/a,,NEEDS-OWNER,
تسه1404,board,2026-02-10,192,41,down,pivots,False,False,LH+LL,1499999.0,2026-02-07,1267494.0,2026-01-26,up,True,True,1679352.0,1267494.0,no,match,,match,
تسه1404,board,2026-07-15,282,62,down,pivots,False,False,LH+LL,922788.0,2026-07-12,796629.0,2026-06-30,down,False,False,1037733.0,796629.0,yes,match,,match,
تسه1404,board,2026-10-07,341,74,up,pivots,True,True,HH+HL,1179999.0,2026-09-20,1024523.0,2026-09-27,down,False,True,922788.0,783100.0,no,match,,match,
تشتاد,board,2025-11-15,244,59,up,pivots,True,True,HH+HL,5189.0,2025-11-09,4801.0,2025-11-05,up,True,True,5118.0,4131.0,yes,match,,match,
تشتاد,board,2026-07-01,334,79,down,pivots,False,True,mixed,5344.0,2026-06-15,4879.0,2026-06-10,down,True,False,6220.0,3631.0,yes,n/a,structure-mixed (یک بُعد سازگار),structure-mixed (یک بُعد سازگار),
تشتاد,board,2026-10-07,393,93,up,pivots,False,False,LH+LL,8090.0,2026-10-03,4900.0,2026-08-23,up,,,,,yes,INCONSISTENT(up vs down),,MISMATCH,
تكيميا,board,2025-11-22,223,50,up,pivots,False,False,LH+LL,1581.0,2025-11-03,1395.0,2025-11-15,up,True,False,1592.0,1259.0,yes,INCONSISTENT(up vs down),,MISMATCH,
تكيميا,board,2026-07-08,313,70,up,recent-window,,,کم‌داده,,,,,down,False,False,1844.0,1210.0,no,n/a,insufficient-data (کم‌داده),insufficient-data (کم‌داده),
تكيميا,board,2026-10-07,372,82,down,pivots,True,False,mixed,3210.0,2026-09-13,2098.0,2026-09-29,up,True,True,3210.0,2547.0,no,n/a,structure-mixed (یک بُعد سازگار),structure-mixed (یک بُعد سازگار),
تكپاد,board,2025-12-08,303,66,up,recent-window,,,کم‌داده,,,,,up,True,True,15264.0,12140.0,yes,n/a,insufficient-data (کم‌داده),insufficient-data (کم‌داده),
تكپاد,board,2026-07-15,393,86,up,pivots,True,False,mixed,24749.0,2026-07-08,22610.0,2026-06-29,up,True,True,20300.0,15813.0,yes,n/a,structure-mixed (یک بُعد سازگار),structure-mixed (یک بُعد سازگار),
تكپاد,board,2026-10-07,452,98,up,pivots,True,True,HH+HL,35490.0,2026-09-30,31480.0,2026-09-22,up,,,,,yes,match,,match,
