symbol,as_of,basis,bars_d,bars_w,old_daily,old_weekly,new_daily,new_weekly,new_daily_raw,new_weekly_raw,conf_daily,conf_weekly,structure_d,structure_w,score_d,reason_d,category,ref_daily,ref_weekly,ref_basis,ref_notes,screenshot,verdict,cause
آتيمس,2026-10-06,raw-db-close(تعدیل=ذخیره‌شده),445,98,up,up,up,up,up,up,0.9,0.909,flat,HH+HL,0.6018,"structure=flat ; slopeZ={'slope20': 0.1276, 'slope50': 0.2494, 'slope120': 0.176} ; ma={'ma20_gt_50': True, 'ma50_gt_200': True, 'px_gt_ma50': True} ; ER=0.501 ; score=0.602 ; pro=['slope', 'ma', 'eff",clear-up,,,,,,UNVERIFIED,
اخزا213,2026-10-06,raw-db-close(تعدیل=ذخیره‌شده),499,108,up,up,up,up,up,up,0.897,0.987,HH+HL,HH+HL,0.8944,"structure=HH+HL ; slopeZ={'slope20': 0.2415, 'slope50': 0.2226, 'slope120': 0.2406} ; ma={'ma20_gt_50': True, 'ma50_gt_200': True, 'px_gt_ma50': True} ; ER=0.484 ; score=0.894 ; pro=['structure', 'slo",clear-up,,,,,,UNVERIFIED,
بهير,2026-10-06,raw-db-close(تعدیل=ذخیره‌شده),408,93,up,up,up,up,up,up,0.933,0.433,HH+HL,HH+LL,0.9272,"structure=HH+HL ; slopeZ={'slope20': 0.4523, 'slope50': 0.4101, 'slope120': 0.1098} ; ma={'ma20_gt_50': True, 'ma50_gt_200': True, 'px_gt_ma50': True} ; ER=0.665 ; score=0.927 ; pro=['structure', 'slo",clear-up,,,,,,UNVERIFIED,
حخزر,2026-10-06,raw-db-close(تعدیل=ذخیره‌شده),428,95,up,up,up,up,up,up,0.977,0.93,HH+HL,HH+HL,0.9767,"structure=HH+HL ; slopeZ={'slope20': 0.9606, 'slope50': 0.8948, 'slope120': 0.8179} ; ma={'ma20_gt_50': True, 'ma50_gt_200': True, 'px_gt_ma50': True} ; ER=0.886 ; score=0.977 ; pro=['structure', 'slo",clear-up,,,,,,UNVERIFIED,
داريك,2026-10-06,raw-db-close(تعدیل=ذخیره‌شده),503,109,up,up,up,up,up,up,1.0,1.0,کم‌پیوت (۲+۲ تأیید نشد),کم‌پیوت (۲+۲ تأیید نشد),0.7045,"structure=کم‌پیوت (۲+۲ تأیید نشد) ; slopeZ={'slope20': 0.7263, 'slope50': 0.7122, 'slope120': 0.7306} ; ma={'ma20_gt_50': True, 'ma50_gt_200': True, 'px_gt_ma50': True} ; ER=1.0 ; score=0.705 ; pro=['",clear-up,,,,,,UNVERIFIED,
رايبد,2026-10-06,raw-db-close(تعدیل=ذخیره‌شده),163,37,up,up,up,up,up,up,1.0,0.903,کم‌پیوت (۲+۲ تأیید نشد),کم‌پیوت (۲+۲ تأیید نشد),0.7045,"structure=کم‌پیوت (۲+۲ تأیید نشد) ; slopeZ={'slope20': 0.9743, 'slope50': 1.0131, 'slope120': 1.1177} ; ma={'ma20_gt_50': True, 'ma50_gt_200': False, 'px_gt_ma50': True} ; ER=1.0 ; score=0.705 ; pro=[",clear-up,,,,,,UNVERIFIED,
اعتماد2,2026-10-06,raw-db-close(تعدیل=ذخیره‌شده),284,102,range,range,down,down,down,down,0.614,0.614,flat,flat,-0.2273,"structure=flat ; slopeZ={} ; ma={'ma20_gt_50': False, 'ma50_gt_200': False, 'px_gt_ma50': False} ; ER=0.0 ; score=-0.227 ; pro=['ma'] ; con=[] ; agreement=1.0 ; bars=284 ; atr%=None",engine-disagreement,,,,,,UNVERIFIED,
باران,2026-10-06,raw-db-close(تعدیل=ذخیره‌شده),407,96,down,up,up,up,up,up,0.244,0.85,LL+LH,HH+HL,0.1435,"structure=LL+LH ; slopeZ={'slope20': 0.0161, 'slope50': 0.1425, 'slope120': 0.0547} ; ma={'ma20_gt_50': True, 'ma50_gt_200': True, 'px_gt_ma50': True} ; ER=0.03 ; score=0.143 ; pro=['slope', 'ma'] ; c",engine-disagreement,,,,,,UNVERIFIED,
تكيميا,2026-10-06,raw-db-close(تعدیل=ذخیره‌شده),371,82,down,up,up,up,up,up,0.623,0.831,flat,HH+HL,0.2005,"structure=flat ; slopeZ={'slope20': -0.0933, 'slope50': 0.037, 'slope120': 0.0495} ; ma={'ma20_gt_50': True, 'ma50_gt_200': True, 'px_gt_ma50': False} ; ER=0.114 ; score=0.201 ; pro=['slope', 'ma'] ; ",engine-disagreement,,,,,,UNVERIFIED,
ثامان,2026-10-06,raw-db-close(تعدیل=ذخیره‌شده),390,93,down,up,down,down,down,down,0.795,0.308,flat,HH+HL,-0.4528,"structure=flat ; slopeZ={'slope20': -0.3136, 'slope50': 0.0335, 'slope120': -0.1135} ; ma={'ma20_gt_50': False, 'ma50_gt_200': False, 'px_gt_ma50': False} ; ER=0.343 ; score=-0.453 ; pro=['slope', 'ma",engine-disagreement,,,,,,UNVERIFIED,
ثقزوي,2026-10-06,raw-db-close(تعدیل=ذخیره‌شده),323,85,up,up,up,down,up,down,0.433,0.762,HH+HL,HH+LL,0.4238,"structure=HH+HL ; slopeZ={'slope20': 0.0501, 'slope50': 0.3126, 'slope120': -0.0316} ; ma={'ma20_gt_50': True, 'ma50_gt_200': False, 'px_gt_ma50': True} ; ER=0.27 ; score=0.424 ; pro=['structure', 'ma",engine-disagreement,,,,,,UNVERIFIED,
خفولا,2026-10-06,raw-db-close(تعدیل=ذخیره‌شده),252,84,up,up,up,range,up,neutral,0.801,0.231,HH+HL,HH+HL,0.5139,"structure=HH+HL ; slopeZ={'slope20': -0.0093, 'slope50': 0.1483, 'slope120': 0.0093} ; ma={'ma20_gt_50': True, 'ma50_gt_200': False, 'px_gt_ma50': True} ; ER=0.22 ; score=0.514 ; pro=['structure', 'sl",engine-disagreement,,,,,,UNVERIFIED,
غبهار,2026-10-06,raw-db-close(تعدیل=ذخیره‌شده),361,90,up,down,up,down,up,down,0.882,0.148,HH+HL,LL+LH,0.6723,"structure=HH+HL ; slopeZ={'slope20': 0.3343, 'slope50': 0.5416, 'slope120': 0.0415} ; ma={'ma20_gt_50': True, 'ma50_gt_200': False, 'px_gt_ma50': True} ; ER=0.408 ; score=0.672 ; pro=['structure', 'sl",structure-mixed,,,,,,UNVERIFIED,
وپاسار,2026-10-06,raw-db-close(تعدیل=ذخیره‌شده),434,96,down,up,down,up,down,up,0.391,0.841,LL+LH,HH+HL,-0.3195,"structure=LL+LH ; slopeZ={'slope20': -0.2067, 'slope50': -0.0161, 'slope120': 0.118} ; ma={'ma20_gt_50': False, 'ma50_gt_200': True, 'px_gt_ma50': False} ; ER=0.325 ; score=-0.32 ; pro=['structure', '",structure-mixed,,,,,,UNVERIFIED,
غگز,2026-10-06,raw-db-close(تعدیل=ذخیره‌شده),361,86,down,down,down,down,down,down,0.088,0.829,flat,LL+LH,-0.1354,"structure=flat ; slopeZ={'slope20': -0.1493, 'slope50': -0.1729, 'slope120': 0.1619} ; ma={'ma20_gt_50': False, 'ma50_gt_200': False, 'px_gt_ma50': False} ; ER=0.1 ; score=-0.135 ; pro=['ma'] ; con=['",clear-down,,,,,,UNVERIFIED,
كايزد,2026-10-06,raw-db-close(تعدیل=ذخیره‌شده),433,97,down,down,down,down,down,down,0.767,0.813,flat,HH+LL,-0.4292,"structure=flat ; slopeZ={'slope20': 0.4996, 'slope50': -0.0149, 'slope120': -0.0763} ; ma={'ma20_gt_50': False, 'ma50_gt_200': False, 'px_gt_ma50': False} ; ER=0.26 ; score=-0.429 ; pro=['slope', 'ma'",clear-down,,,,,,UNVERIFIED,
مارون,2026-10-06,raw-db-close(تعدیل=ذخیره‌شده),510,111,down,down,down,down,down,down,0.862,0.847,flat,LL+LH,-0.5348,"structure=flat ; slopeZ={'slope20': 0.9291, 'slope50': -0.2927, 'slope120': -0.1082} ; ma={'ma20_gt_50': False, 'ma50_gt_200': False, 'px_gt_ma50': False} ; ER=0.473 ; score=-0.535 ; pro=['slope', 'ma",clear-down,,,,,,UNVERIFIED,
هامرز,2026-10-06,raw-db-close(تعدیل=ذخیره‌شده),503,109,range,up,range,up,neutral,up,0.246,0.322,LL+LH,HH+LL,0.0876,"structure=LL+LH ; slopeZ={'slope20': 0.9721, 'slope50': 0.1498, 'slope120': 0.1327} ; ma={'ma20_gt_50': False, 'ma50_gt_200': True, 'px_gt_ma50': True} ; ER=0.179 ; score=0.088 ; pro=[] ; con=[] ; agr",clear-neutral,,,,,,UNVERIFIED,
آتيه ملت2,2026-10-06,raw-db-close(تعدیل=ذخیره‌شده),42,15,range,range,range,range,neutral,neutral,0.0,0.0,flat,flat,0.0,structure=flat ; slopeZ={} ; ma={'ma': 'insufficient'} ; ER=0.0 ; score=0.0 ; pro=[] ; con=[] ; agreement=0.0 ; bars=42 ; atr%=None,clear-neutral,,,,,,UNVERIFIED,
آ س پ3,2026-10-06,raw-db-close(تعدیل=ذخیره‌شده),20,12,up,up,insufficient_data,insufficient_data,insufficient_data,insufficient_data,0.0,0.0,کم‌پیوت (۲+۲ تأیید نشد),کم‌پیوت (۲+۲ تأیید نشد),,"MISSING:structure,slope,ma,eff",short-history,,,,,,UNVERIFIED,
آباد3,2026-10-06,raw-db-close(تعدیل=ذخیره‌شده),20,13,up,up,insufficient_data,insufficient_data,insufficient_data,insufficient_data,0.0,0.0,کم‌پیوت (۲+۲ تأیید نشد),کم‌پیوت (۲+۲ تأیید نشد),,"MISSING:structure,slope,ma,eff",short-history,,,,,,UNVERIFIED,
آرام2,2026-10-06,raw-db-close(تعدیل=ذخیره‌شده),29,13,range,range,range,range,neutral,neutral,0.0,0.0,flat,flat,0.0,structure=flat ; slopeZ={} ; ma={'ma': 'insufficient'} ; ER=None ; score=0.0 ; pro=[] ; con=[] ; agreement=0.0 ; bars=29 ; atr%=None,short-history,,,,,,UNVERIFIED,
